score,pubdate,source,title,link
203,2026-10-01-10-00-00 +0000,latimes,Your guide to the California Congressional District 47 race: Min vs. Le Roux,https://www.latimes.com/california/story/2026-10-01/2026-california-election-congressional-district-47-orange-county-min-leroux-voter-guide
203,2026-10-01-10-00-00 +0000,latimes,Your guide to the California Congressional District 48 race: Von Wilpert vs. Desmond,https://www.latimes.com/california/story/2026-10-01/2026-california-election-congressional-district-48-san-diego-riverside-county-von-wilpert-desmond-voter-guide
203,2026-10-01-10-00-00 +0000,latimes,Your guide to the California Congressional District 40 race: Kim vs. Calvert,https://www.latimes.com/california/story/2026-10-01/2026-california-election-congressional-district-40-orange-county-inland-empire-kim-calvert-voter-guide
202,2026-10-01-10-00-00 +0000,latimes,Your guide to the California Congressional District 45 race: Tran vs. Vo,https://www.latimes.com/california/story/2026-10-01/2026-california-election-congressional-district-45-orange-county-tran-vo-voter-guide
202,2026-10-01-10-00-00 +0000,latimes,Your guide to the California Congressional District 26 race: Irwin vs. Gallucci,https://www.latimes.com/california/story/2026-10-01/2026-california-election-congressional-district-26-irwin-gallucci-voter-guide
202,2026-10-01-10-00-00 +0000,latimes,Your guide to the California Congressional District 27 race: Whitesides vs. Gibbs,https://www.latimes.com/california/story/2026-10-01/2026-california-election-congressional-district-27-santa-clarita-antelope-valley-whitesides-gibbs-voter-guide
198,2026-10-01-10-00-00 +0000,latimes,Your guide to the California lieutenant governor race: Ma vs. Romero,https://www.latimes.com/california/story/2026-10-01/2026-california-election-lieutenant-governor-ma-romero-voter-guide
193,2026-10-01-10-00-00 +0000,latimes,Your guide to the California attorney general race: Bonta vs. Gates,https://www.latimes.com/california/story/2026-10-01/2026-california-election-attorney-general-bonta-gates-voter-guide
191,2026-10-01-10-00-00 +0000,latimes,Your guide to the California state schools superintendent race: Barrera vs. Shaw,https://www.latimes.com/california/story/2026-10-01/2026-california-election-state-superintendent-public-instruction-shaw-barrera-voter-guide
190,2026-10-01-10-00-00 +0000,latimes,Your guide to the California secretary of state race: Weber vs. Wagner,https://www.latimes.com/california/story/2026-10-01/2026-california-election-secretary-of-state-weber-wagner-voter-guide
189,2026-10-01-10-00-00 +0000,latimes,Your guide to the California insurance commissioner race: Allen vs. Kim,https://www.latimes.com/california/story/2026-10-01/2026-california-election-insurance-commissioner-allen-kim-voter-guide
188,2026-10-01-10-00-00 +0000,latimes,Your guide to the California controller race: Incumbent Cohen vs. challenger Morgan,https://www.latimes.com/california/story/2026-10-01/2026-california-election-controller-cohen-morgan-voter-guide
186,2026-10-01-10-00-00 +0000,latimes,Your guide to the California treasurer race: Kounalakis vs. Hawks,https://www.latimes.com/california/story/2026-10-01/2026-california-election-treasurer-kounalakis-hawks-voter-guide
185,2026-09-30-21-35-00 +0000,wsj,"An Israel-bound plane made an emergency landing after one pilot allegedly stabbed the other, Defense Secretary Pete Hegseth unveils new four-star command for military drone tech and a watchdog found the Fed mismanaged building renovation but didn’t break any rules. Read more in today’s What’s News newsletter:",https://www.wsj.com/politics/policy/cockpit-stabbing-forces-flydubai-plane-into-emergency-landing-5ef1f641?mod=rss_socialpoliticsfeed
177,2026-10-01-10-00-00 +0000,latimes,Your guide to the L.A. City Council District 3 race: Gaspar vs. Worth Girvan,https://www.latimes.com/california/story/2026-10-01/2026-california-election-los-angeles-city-council-district-3-gaspar-worth-girvan-voter-guide
175,2026-10-01-10-00-00 +0000,latimes,Your guide to the L.A. City Council District 9 race: Ugarte vs. Mazariegos,https://www.latimes.com/california/story/2026-10-01/2026-california-election-los-angeles-city-council-district-9-ugarte-mazariegos-voter-guide
174,2026-10-01-10-00-00 +0000,latimes,Your guide to Proposition 40: California's billionaire tax proposal,https://www.latimes.com/california/story/2026-10-01/2026-california-election-proposition-40-billionaire-tax-voter-guide
165,2026-10-01-10-00-00 +0000,latimes,Your guide to Proposition 4: Allowing public campaign financing in California,https://www.latimes.com/california/story/2026-10-01/2026-california-election-proposition-4-public-campaign-financing-voter-guide
163,2026-10-01-10-00-00 +0000,latimes,Your guide to the L.A. city attorney's race: McKinney vs. Roy,https://www.latimes.com/california/story/2026-10-01/2026-california-election-los-angeles-city-attorney-mckinney-roy-voter-guide
161,2026-10-01-10-00-00 +0000,latimes,Your guide to Proposition 5: Big changes to recall elections in California,https://www.latimes.com/california/story/2026-10-01/2026-california-election-proposition-5-recall-changes-voter-guide
159,2026-10-01-10-00-00 +0000,latimes,"Your guide to L.A. City Charter Amendment EE: City Council meetings, ethics and elections",https://www.latimes.com/california/story/2026-10-01/2026-california-election-los-angeles-city-amendment-ee-voter-guide
158,2026-10-01-10-00-00 +0000,latimes,Your guide to the L.A. County Superior Court judge elections: Every competitive race,https://www.latimes.com/california/story/2026-10-01/2026-california-election-los-angeles-county-superior-court-judge-voter-guide
154,2026-10-01-10-00-00 +0000,latimes,Your guide to the Los Angeles Community College Board of Trustees Seat 6 race,https://www.latimes.com/california/story/2026-10-01/2026-california-election-los-angeles-community-college-board-of-trustees-seat-6-voter-guide
154,2026-10-01-10-00-00 +0000,latimes,Your guide to L.A. City Charter Amendment SC: Board of education campaign finance rules,https://www.latimes.com/california/story/2026-10-01/2026-california-election-los-angeles-city-charter-amendment-sc-voter-guide
154,2026-10-01-10-00-00 +0000,latimes,Your guide to the Los Angeles Community College Board of Trustees Seat 2 race,https://www.latimes.com/california/story/2026-10-01/2026-california-election-los-angeles-community-college-board-of-trustees-seat-2-voter-guide
154,2026-10-01-10-00-00 +0000,latimes,Your guide to the Los Angeles Community College Board of Trustees Seat 4 race,https://www.latimes.com/california/story/2026-10-01/2026-california-election-los-angeles-community-college-board-of-trustees-seat-4-voter-guide
152,2026-10-01-10-00-00 +0000,latimes,Your guide to Proposition 41: Special tax audit proposal could block billionaire tax,https://www.latimes.com/california/story/2026-10-01/2026-california-election-proposition-41-tax-audit-voter-guide
149,2026-10-01-10-00-00 +0000,latimes,Your guide to the race for L.A. mayor: Bass vs. Raman,https://www.latimes.com/california/story/2026-10-01/2026-california-election-los-angeles-mayor-karen-bass-nithya-raman-voter-guide
147,2026-10-01-10-00-00 +0000,latimes,Your guide to Proposition 3: Making a high-income tax extension permanent,https://www.latimes.com/california/story/2026-10-01/2026-california-election-proposition-3-high-income-tax-voter-guide
145,2026-10-01-10-00-00 +0000,latimes,Your guide to L.A. City Measure FD: Hiking Fire Department sales tax,https://www.latimes.com/california/story/2026-10-01/2026-california-election-los-angeles-measure-fd-sales-tax-hike-fire-department-voter-guide
144,2026-10-01-03-49-33 +0000,latimes,"Gas prices, AI data centers and Trump's long shadow: Top takeaways from the governor's race debate",https://www.latimes.com/california/story/2026-09-30/hilton-becerra-governors-race-debate-gas-data-centers-trump
142,2026-10-01-10-00-00 +0000,latimes,"Your guide to L.A. City Charter Amendment PRT: Greater public insight into airport, harbor departments",https://www.latimes.com/california/story/2026-10-01/2026-california-los-angeles-city-election-charter-amendment-prt-voter-guide
141,2026-10-01-10-00-00 +0000,latimes,Your guide to L.A. City Charter Amendment PL: Streamlining Planning Department processes,https://www.latimes.com/california/story/2026-10-01/2026-california-election-los-angeles-city-charter-amendment-pl-voter-guide
141,2026-10-01-10-00-00 +0000,latimes,Your guide to the L.A. County sheriff's race: A rematch between Luna and Villanueva,https://www.latimes.com/california/story/2026-10-01/2026-california-election-los-angeles-county-sheriff-race-luna-villanueva-voter-guide
139,2026-10-01-10-00-00 +0000,latimes,Your guide to L.A. City Charter Amendment LA: Restructuring public works administration,https://www.latimes.com/california/story/2026-10-01/2026-california-election-los-angeles-city-charter-amendment-la-voter-guide
137,2026-10-01-10-00-00 +0000,latimes,"Your guide to Proposition 42: Tax ban on retirement, personal savings",https://www.latimes.com/california/story/2026-10-01/2026-california-election-proposition-42-tax-ban-retirement-savings-voter-guide
136,2026-10-01-10-00-00 +0000,latimes,Your guide to Proposition TE: Exempting fire victims from the 'mansion tax',https://www.latimes.com/california/story/2026-10-01/2026-california-election-los-angeles-proposition-te-mansion-tax-exemption-voter-guide
136,2026-10-01-10-00-00 +0000,latimes,Your guide to L.A. City Charter Amendment PRK: More money for parks,https://www.latimes.com/california/story/2026-10-01/2026-election-los-angeles-city-charter-amendment-prk-voter-guide
127,2026-10-01-11-19-09 +0000,chitri,"Most Americans blame Donald Trump for high prices as midterms approach, a new AP-NORC poll finds",https://www.chicagotribune.com/2026/10/01/donald-trump-economy-ap-norc-poll/
126,2026-10-01-10-00-00 +0000,latimes,Your guide to Proposition 1: Borrowing money for low-income and veteran housing,https://www.latimes.com/california/story/2026-10-01/2026-california-election-proposition-1-affordable-housing-voter-guide
125,2026-10-01-10-00-00 +0000,latimes,"Your guide to Proposition 2: Lets leaders fatten 'rainy day' fund, reduces likelihood of taxpayer rebates",https://www.latimes.com/california/story/2026-10-01/2026-california-election-proposition-2-rainy-day-fund-voter-guide
125,2026-10-01-10-00-00 +0000,latimes,Your guide to Proposition 37: Loans for middle-income homeowners,https://www.latimes.com/california/story/2026-10-01/2026-california-election-proposition-37-loans-middle-class-homeowners-voter-guide
125,2026-10-01-10-00-00 +0000,latimes,Your guide to L.A. County Charter Amendment A: Binding arbitration,https://www.latimes.com/california/story/2026-10-01/2026-california-election-los-angeles-county-charter-amendment-a-voter-guide
124,2026-10-01-10-00-00 +0000,latimes,Your guide to Proposition 45: Faster CEQA review for housing and infrastructure,https://www.latimes.com/california/story/2026-10-01/2026-california-election-proposition-45-ceqa-housing-data-center-voter-guide
124,2026-10-01-10-00-00 +0000,latimes,Your guide to L.A. County Charter Amendment E: Jail alternatives,https://www.latimes.com/california/story/2026-10-01/2026-california-election-los-angeles-county-charter-amendment-e-voter-guide
121,2026-10-01-10-00-00 +0000,latimes,Your guide to Proposition 44: Federally funded health clinic spending,https://www.latimes.com/california/story/2026-10-01/2026-california-election-proposition-44-health-clinic-spending-voter-guide
118,2026-10-01-10-00-00 +0000,latimes,Your guide to Proposition 43: Voting thresholds for local special taxes,https://www.latimes.com/california/story/2026-10-01/2026-california-election-proposition-43-threshold-local-special-tax-voter-guide
118,2026-10-01-10-00-00 +0000,latimes,Your guide to Proposition 39: Stricter voter ID requirements,https://www.latimes.com/california/story/2026-10-01/2026-california-election-proposition-39-voting-id-requirements-voter-guide
117,2026-10-01-10-00-00 +0000,latimes,Your guide to Proposition 38: Immunology and immunotherapy research funding,https://www.latimes.com/california/story/2026-10-01/2026-california-election-proposition-38-immunology-immunotherapy-funding-voter-guide
117,2026-10-01-02-02-55 +0000,nypost,Netanyahu credits heroic Israeli plumber on flydubai flight for preventing ‘another 9/11’– vows to find out if Iran was behind attack,https://nypost.com/2026/09/30/world-news/netanyahu-credits-heroic-israeli-plumber-on-flydubai-flight-for-preventing-another-9-11-vows-to-find-out-if-iran-was-behind-attack/
116,2026-10-01-01-10-56 +0000,nypost,McDonald’s sinister pricing scheme is sizing up your wallet – with California customers forking over a premium,https://nypost.com/2026/09/30/business/mcdonalds-ai-menu-pricing-creates-big-cost-gaps-in-california/
114,2026-10-01-01-42-36 +0000,nypost,California governor race heats up as Becerra and Hilton clash on CNN,https://nypost.com/2026/09/30/us-news/steve-hilton-slams-xavier-becerras-tax-plan-in-california-debate/
113,2026-10-01-18-38-35 +0000,nypost,Trump sends third aircraft carrier to Middle East with 10K more troops — as he weighs post-midterm Iran assault,https://nypost.com/2026/10/01/us-news/trump-sends-3rd-aircraft-carrier-to-middle-east-with-10k-more-troops-as-he-weighs-post-midterm-iran-assault/
104,2026-10-01-10-00-00 +0000,latimes,Voter guide to the 2026 California general election,https://www.latimes.com/california/story/2026-10-01/2026-california-general-election-voter-guide
102,2026-10-01-17-32-50 +0000,bbc,Renee Good: Family of US woman killed by ICE agent sues Trump officials,https://www.bbc.co.uk/news/articles/cwly7y5gvxlmo?at_medium=RSS&at_campaign=rss
101,2026-10-01-15-09-27 +0000,nypost,"Flydubai pilot was stabbed in head, had arm ‘split in two’ before flight saved by ‘superheroes,’ Netanyahu says",https://nypost.com/2026/10/01/world-news/flydubai-pilot-was-stabbed-in-head-had-arm-split-in-two-before-flight-saved-by-superheroes-bibi-says/
100,2026-10-01-18-20-27 +0000,nyt,Renee Good’s Family Sues ICE Agent and Trump Officials Over Minnesota Killing,https://www.nytimes.com/2026/10/01/us/renee-good-lawsuit-ice-shooting-minnesota.html
100,2026-10-01-18-26-07 +0000,wapo,"Renée Good’s family sues Trump officials, saying death was ‘not an accident’",https://www.washingtonpost.com/immigration/2026/10/01/rene-goods-family-sues-trump-officials-saying-death-was-not-an-accident/
100,2026-10-01-16-43-09 +0000,nypost,Supreme Court to take up key Trump immigration case that could restart ‘catch and release’,https://nypost.com/2026/10/01/us-news/supreme-court-to-take-up-key-trump-immigration-case-that-could-restart-catch-and-release/
98,2026-10-01-18-03-00 +0000,wsj,"Fed Vice Chair Philip Jefferson said officials may need more time before deciding whether to raise interest rates again, echoing signals from another Fed leader this week that cast doubt on bets the central bank would lift rates at its meeting later this month",https://www.wsj.com/economy/central-banking/another-fed-leader-suggests-next-rate-increase-can-wait-9e46d4f9?mod=rss_socialeconomyfeed
98,2026-10-01-00-37-00 +0000,wsj,President Trump began sending $500 checks to nearly one million people and enclosed a letter touting his record on cutting healthcare costs,https://www.wsj.com/politics/policy/trump-sending-500-checks-with-letter-touting-healthcare-record-aa6923b6?mod=rss_socialpoliticsfeed
97,2026-10-01-18-30-00 +0000,startribune,Opinion | Soaring diesel prices from Trump’s war with Iran are hitting Minnesota farmers hard,https://www.startribune.com/us-trade-war-soybeans-tariffs-iran-war-gas-prices/601895878
97,2026-10-01-10-00-39 +0000,chitri,"Chicago-area election officials gear up for potential ICE, FBI presence at the polls after Trump threats",https://www.chicagotribune.com/2026/10/01/chicago-election-immigration-presence/
95,2026-10-01-17-45-29 +0000,nypost,"Trump defends his White House renovations, says it was a ‘disgraceful dump’ before changes",https://nypost.com/2026/10/01/us-news/trump-defends-his-white-house-renovations-i-made-it-beautiful/
95,2026-09-30-22-00-00 +0000,wsj,President Trump wrote ”and continuing” in his 2020 Covid-19 pandemic-disaster declaration. Now tens of billions in contested tax bills hinge on that phrase.,https://www.wsj.com/politics/policy/tax-bills-trump-words-pandemic-and-continuing-363a0536?mod=rss_socialpoliticsfeed
94,2026-10-01-17-05-00 +0000,wsj,Renee Good’s Family Sues Trump Officials Over Fatal ICE Shooting,https://www.wsj.com/us-news/law/renee-goods-family-sues-trump-officials-over-fatal-ice-shooting-dd54e5c9?mod=rss_usnews
94,2026-09-30-22-32-31 +0000,nypost,"Passengers recall sickening plunge, screams during flydubai plane hijacking: ‘I was just sure I was going to die’",https://nypost.com/2026/09/30/world-news/passengers-recall-sickening-plunge-screams-during-flydubai-plane-hijacking/
94,2026-10-01-15-57-44 +0000,nyt,"Supreme Court, Taking On Trump Immigration Agenda, Will Review Migrant Detention Policy",https://www.nytimes.com/2026/10/01/us/politics/supreme-court-trump-migrant-detention.html
93,2026-10-01-14-29-00 +0000,wsj,The 38-Year-Old Captain Who Fought Off Cockpit Attack on FlyDubai Flight,https://www.wsj.com/world/the-38-year-old-captain-who-fought-off-cockpit-attack-on-flydubai-flight-cd2e484a?mod=pls_whats_news_us_business_f
92,2026-10-01-10-00-00 +0000,latimes,New bill in Congress seeks to investigate toxic dump off California coast,https://www.latimes.com/environment/story/2026-10-01/new-bill-in-congress-seeks-to-investigate-ddt-toxic-waste-dump-off-california-coast
91,2026-10-01-18-49-18 +0000,nypost,Christa Pike likely got her wish for an all-female execution staff before botched lethal injection: attorney,https://nypost.com/2026/10/01/us-news/christa-pike-likely-got-her-wish-for-an-all-female-execution-staff-before-botched-lethal-injection-attorney/
91,2026-10-01-17-54-47 +0000,chitri,President Donald Trump says latest Iran peace offer not enough and may resume bombing,https://www.chicagotribune.com/2026/10/01/donald-trump-iran-peace-offer/
91,2026-10-01-00-43-05 +0000,nyt,Becerra Holds Wide Leads in Polling of California’s Governor Race,https://www.nytimes.com/2026/09/30/us/elections/xavier-becerra-polling-california-governor.html
90,2026-09-30-21-30-00 +0000,wsj,"A new drone command, a ban on ‘ideological clowns,’ a study on future war tech—and more. Five takeaways from Defense Secretary Pete Hegseth’s speech.",https://www.wsj.com/politics/national-security/pete-hegseth-speech-troops-takeaways-98921f71?mod=rss_socialpoliticsfeed
89,2026-10-01-17-10-27 +0000,nyt,Trump’s Threat to Ban Diesel Exports Sets Off Global Alarms,https://www.nytimes.com/2026/10/01/business/diesel-prices-us-exports.html
89,2026-10-01-07-55-45 +0000,nypost,"Trump’s $100,000 fee for new H-1B worker visas blocked by second judge",https://nypost.com/2026/10/01/us-news/trumps-100000-fee-for-new-h-1b-worker-visas-blocked-by-second-judge/
88,2026-09-30-23-31-38 +0000,wapo,Watchdog finds Fed mishandled renovations that Trump tried to oust Powell over,https://www.washingtonpost.com/business/2026/09/30/watchdog-finds-fed-mishandled-renovations-that-trump-tried-oust-powell-over/
87,2026-10-01-16-53-39 +0000,nypost,"Trump admin threatens diesel export ban unless Germany, France tap reserves: report",https://nypost.com/2026/10/01/business/trump-admin-threatens-diesel-export-ban-unless-germany-france-tap-reserves-report/
87,2026-09-30-21-55-05 +0000,nypost,"Trump’s $1.8 trillion AI summit table: All the execs who answered president’s call, and what they’re worth",https://nypost.com/2026/09/30/us-news/trumps-1-8-trillion-ai-summit-table-all-the-execs-and-what-theyre-worth/
87,2026-10-01-16-02-22 +0000,nypost,South Korea president pushes back on Trump Alaska pipeline announcement: ‘No decision made’,https://nypost.com/2026/10/01/us-news/south-korea-president-pushes-back-on-trump-alaska-pipeline-announcement-no-decision-made/
86,2026-10-01-10-17-37 +0000,cbc,Tennessee governor orders outside review after death row inmate Christa Pike survives execution attempt,https://www.cbc.ca/news/world/christa-pike-failed-execution-9.7364816?cmp=rss
86,2026-10-01-16-31-54 +0000,nypost,Trump suggests he’ll pardon admin officials before leaving office: ‘Sure I’d do that’,https://nypost.com/2026/10/01/us-news/trump-suggests-hell-pardon-admin-officials-before-leaving-office-sure-id-do-that/
86,2026-10-01-03-37-22 +0000,nyt,Trump’s New Tariffs Get a Familiar Day in Court,https://www.nytimes.com/2026/09/30/business/trump-tariffs-court-challenge.html
85,2026-10-01-16-39-00 +0000,nypost,"Harvard sued in alleged anti-white discrimination case, latest step in Trump crackdown on woke academia",https://nypost.com/2026/10/01/business/harvard-sued-in-alleged-anti-white-discrimination-case-latest-step-in-trump-crackdown-on-woke-academia/
85,2026-10-01-13-40-40 +0000,nypost,Israel-bound flydubai plane was likely just 40 seconds from catastrophe: Terrifying ‘stroke of luck’,https://nypost.com/2026/10/01/world-news/israel-bound-flydubai-plane-was-likely-just-40-seconds-from-crashing-veteran-pilot/
85,2026-10-01-16-52-41 +0000,wapo,"Co-pilot who tried to crash FlyDubai jet was ‘radicalized,’ Israel says",https://www.washingtonpost.com/world/2026/10/01/inquiry-into-flydubai-attack-turns-security-lapses/
83,2026-10-01-01-21-38 +0000,nyt,FlyDubai Passenger Who Helped Subdue Pilot Describes Stabbing Attack in Cockpit,https://www.nytimes.com/2026/09/30/world/middleeast/israel-plane-flydubai-passenger-eyewitness-account.html
83,2026-09-30-23-57-35 +0000,latimes,In-N-Out forces Northern California high school football team to delete photos shot at restaurant,https://www.latimes.com/california/story/2026-09-30/in-n-out-forces-northern-california-high-school-football-team-to-delete-photos-shot-at-restaurant
83,2026-09-30-21-43-37 +0000,wapo,"Pilot on Tel Aviv-bound flight tried to crash plane after cockpit stabbing, Netanyahu says",https://www.washingtonpost.com/world/2026/09/30/flydubai-flight-tel-aviv-diverted-saudi-arabia-after-onboard-altercation/
82,2026-10-01-12-34-13 +0000,chitri,An Indian airline captain is hailed as a hero after a cockpit attack on a FlyDubai flight,https://www.chicagotribune.com/2026/10/01/indian-airline-captain-flydubai-flight/
81,2026-10-01-18-42-07 +0000,nypost,"Christa Pike still alive, tried to help executioners find a good vein before botched lethal injection attempt: lawyer",https://nypost.com/2026/10/01/us-news/christa-pike-still-alive-tried-to-help-executioners-find-a-good-vein-before-botched-lethal-injection-attempt-lawyer/
81,2026-10-01-16-30-00 +0000,wsj,"The WSJ mapped 24,000 TikTok creators with a new AI tool to find out just how much Americans hate AI",https://www.wsj.com/politics/elections/we-used-ai-to-find-out-just-how-much-americans-hate-ai-2ca70c5a?mod=rss_socialpoliticsfeed
80,2026-10-01-01-20-00 +0000,wsj,Democratic Senators Challenge Trump Officials on Pentagon’s Venezuela Oil Deal,https://www.wsj.com/politics/national-security/democratic-senators-challenge-trump-officials-on-pentagons-venezuela-oil-deal-25672687?mod=pls_whats_news_us_business_f
80,2026-09-30-21-07-52 +0000,nypost,"Pete Hegseth unveils plans for new US military base, touts ‘testosterone testing’ for warriors in Pentagon speech: ‘No wimps, no radicals’",https://nypost.com/2026/09/30/us-news/pete-hegseth-unveils-plans-for-new-us-military-base-touts-testosterone-testing-for-warriors-in-pentagon-speech-no-wimps-no-radicals/
80,2026-10-01-15-26-49 +0000,wapo,Trump loses favor with crypto fans who call him out for cashing in,https://www.washingtonpost.com/politics/2026/10/01/young-male-crypto-fans-have-turned-against-trump-investments-sour/
79,2026-09-30-23-07-36 +0000,nyt,"In Wooing Wavering Hispanic Voters, Trump Talks ICE, His Ballroom and Himself",https://www.nytimes.com/2026/09/30/us/politics/trump-hispanic-heritage-month.html
79,2026-09-30-21-27-04 +0000,nyt,Senator Marsha Blackburn Sues Over Jack Smith’s Subpoena During Trump Inquiry,https://www.nytimes.com/2026/09/30/us/politics/jack-smith-lawsuit-trump-blackburn.html
79,2026-10-01-02-45-46 +0000,latimes,Lopez: The California I grew up in was full of ambition and possibility. Is the dream still alive?,https://www.latimes.com/california/story/2026-09-30/lopez-column-california-ambition-cnn-governor-debate-becerra-hilton
78,2026-10-01-16-02-07 +0000,bbc,Trump says 'some' munitions are low as Iran war grinds on,https://www.bbc.co.uk/news/articles/cm4gjgzjrvp5o?at_medium=RSS&at_campaign=rss
78,2026-09-30-21-54-19 +0000,nyt,Brazil’s Biggest Election Question?: Donald Trump’s Next Move,https://www.nytimes.com/2026/09/28/world/americas/brazil-election-bolsonaro-president-trump.html
77,2026-10-01-00-30-00 +0000,latimes,Commentary: Live chat: Times columnists analyze the CNN California governor debate,https://www.latimes.com/california/story/2026-09-30/cnn-hilton-becerra-california-debate-arellano-barabak-chabria-chat
77,2026-10-01-04-22-45 +0000,nypost,Senate approves Trump’s pick to lead the Labor Department,https://nypost.com/2026/10/01/us-news/senate-approves-trumps-pick-keith-sonderling-to-lead-the-labor-department/
77,2026-10-01-02-51-46 +0000,latimes,'Blowout': Here's who won the Hilton-Becerra debate for California governor,https://www.latimes.com/politics/story/2026-09-30/heres-who-won-hilton-becerra-debate-for-california-governor
76,2026-10-01-11-37-46 +0000,bbc,Trump's AI rebrand causes 'unprecedented' demand for Slovenian website names,https://www.bbc.co.uk/news/articles/cqx2z23xj555o?at_medium=RSS&at_campaign=rss
74,2026-09-30-20-24-48 +0000,missionlocal,Capt. Perdomo feels your pain: Mission SFPD leader in hot seat at community meeting,https://missionlocal.org/2026/09/capt-perdomo-hears-concerns/
74,2026-10-01-09-00-00 +0000,wapo,Trump’s White House visitor screening center poised for approval,https://www.washingtonpost.com/politics/2026/10/01/trumps-white-house-visitor-screening-center-poised-approval/
74,2026-10-01-18-24-55 +0000,nyt,What to Know About Trump Accounts as More Than 60 Million Children Are Auto-Enrolled,https://www.nytimes.com/2026/10/01/business/trump-accounts-auto-enrollment.html
73,2026-10-01-18-22-29 +0000,wapo,Trump says Secret Service wants him to ‘take down’ Oval Office,https://www.washingtonpost.com/politics/2026/10/01/trump-says-secret-service-wants-him-take-down-oval-office/
73,2026-10-01-14-39-57 +0000,nyt,"Who Is Captain Smit Machchhar, the Pilot Hailed as a Hero After FlyDubai Cockpit Stabbing?",https://www.nytimes.com/2026/10/01/world/asia/israel-flight-flydubai-pilot-captain-smit-machchhar.html
73,2026-10-01-15-07-55 +0000,nyt,Republicans from deep-red areas are seeking distance from Trump on ICE.,https://www.nytimes.com/live/2026/10/01/us/midterms-elections/republicans-from-deep-red-areas-are-seeking-distance-from-trump-on-ice
73,2026-09-30-20-22-28 +0000,wapo,Trump acknowledges bind he faces on immigration policies,https://www.washingtonpost.com/politics/2026/09/30/trump-says-he-faces-conflicting-pressures-immigration-enforcement/
72,2026-10-01-13-49-51 +0000,nyt,Trump Dangles Alaska Gas Project as Part of Korean Investment Package,https://www.nytimes.com/2026/09/30/business/economy/alaska-lng-south-korea-trump.html
72,2026-10-01-17-53-52 +0000,nypost,Friendly-faced California tech CEO arrested by feds for allegedly hiding $300M Chinese secret,https://nypost.com/2026/10/01/us-news/california-tech-ceo-arrested-for-allegedly-smuggling-300-million-in-restricted-ai-chips-into-china/
72,2026-10-01-18-48-11 +0000,chitri,"New ICE guidance bans high-speed car chases and sets tighter rules for traffic stops, a memo shows",https://www.chicagotribune.com/2026/10/01/new-ice-guidance-car-chases-traffic-stops/
72,2026-10-01-15-13-02 +0000,wapo,Trump does not rule out demolishing the Kennedy Center,https://www.washingtonpost.com/politics/2026/10/01/trump-does-not-rule-out-demolishing-kennedy-center/
72,2026-10-01-13-57-28 +0000,bbc,Flydubai passenger describes hugging his children as plane nosedived during attack,https://www.bbc.co.uk/news/articles/c6d949ydnw3po?at_medium=RSS&at_campaign=rss
71,2026-10-01-18-01-02 +0000,chitri,Chicago joins lawsuit over Trump’s EPA repealing rule that limits emissions from power plants,https://www.chicagotribune.com/2026/10/01/lawsuit-trump-epa-power-plant-emissions/
71,2026-09-30-23-21-04 +0000,cbc,Trump says 'very bad' Canada is being 'taught a little lesson' as trade action escalates,https://www.cbc.ca/news/world/trump-canada-taught-a-lesson-9.7364455?cmp=rss
71,2026-10-01-15-04-32 +0000,bbc,Who is the 'hero' Indian pilot who was stabbed on Israel-bound flight?,https://www.bbc.co.uk/news/articles/cje3r3z7g0zzo?at_medium=RSS&at_campaign=rss
71,2026-10-01-01-56-20 +0000,nyt,"A Bloody Attack on a FlyDubai Plane Headed to Israel, and a Terrifying Plunge",https://www.nytimes.com/2026/09/30/world/middleeast/flydubai-attack-israel-uae.html
71,2026-09-30-23-00-00 +0000,wsj,The Cockpit Stabbing and Terrifying Nosedive That Brought Chaos to FlyDubai Flight 1073,https://www.wsj.com/world/middle-east/the-cockpit-stabbing-and-terrifying-nosedive-that-brought-chaos-to-flight-1073-2b5e9157?mod=rss_worldnews
70,2026-09-30-22-02-00 +0000,wsj,Pilot-on-Pilot Stabbing Forces Emergency Landing of Israel-Bound Plane,https://www.wsj.com/world/middle-east/flight-to-israel-makes-emergency-landing-in-saudi-arabia-7bf3bc34?mod=rss_worldnews
70,2026-10-01-01-55-25 +0000,latimes,$7.5-billion mini-NIH plan goes to California voters under bill signed by Newsom,https://www.latimes.com/california/story/2026-09-30/newsom-signs-bill-that-could-create-state-scientific-research-arm
69,2026-10-01-18-33-11 +0000,nypost,California woman left with horrific injuries after being covered in gas and set on fire during wild fight,https://nypost.com/2026/10/01/us-news/california-woman-severely-injured-after-being-set-on-fire-at-homeless-camp/
69,2026-09-30-20-17-19 +0000,nyt,Trump Media’s Merger With Nuclear Fusion Company Moves Closer to Completion,https://www.nytimes.com/2026/09/30/business/trump-media-tae-technologies-merger.html
69,2026-10-01-12-00-00 +0000,latimes,A California river has dried up. Critics say the state should do more to protect its salmon,https://www.latimes.com/environment/story/2026-10-01/dry-river-salmon
69,2026-09-30-21-54-34 +0000,nyt,Trump Plays Defense in Midterm Tour Across Republican Strongholds,https://www.nytimes.com/2026/09/30/us/politics/trump-midterms-oklahoma-alabama-nebraska.html
68,2026-09-30-22-56-37 +0000,latimes,Shallow graves yield two bodies in remote California desert. Police search for more victims,https://www.latimes.com/california/story/2026-09-30/shallow-graves-2-bodies-in-remote-california-desert-digging-continues
68,2026-09-30-23-25-45 +0000,wapo,Democrats fail to stop Trump from canceling $810M in funds approved by Congress,https://www.washingtonpost.com/business/2026/09/30/trump-will-be-allowed-do-an-810-million-pocket-recission/
68,2026-10-01-01-29-25 +0000,nyt,Trump’s Voluntary A.I. Policing Echoes What Biden Did. But Is It Enough Today?,https://www.nytimes.com/2026/09/30/us/politics/trump-biden-ai.html
67,2026-09-30-21-30-00 +0000,wapo,Trump says ‘only Hispanic’ could survive fall at ballroom site,https://www.washingtonpost.com/politics/2026/09/30/trump-says-only-hispanic-could-survive-fall-ballroom-site/
67,2026-10-01-18-00-00 +0000,wapo,"Trump embarks on rally blitz, hoping to energize GOP voters",https://www.washingtonpost.com/politics/2026/10/01/trump-starts-campaign-swing-red-states-reflecting-poor-gop-prospects/
67,2026-10-01-14-54-36 +0000,nypost,"Race against time to save crew after colossal, rarely seen deep sea beasts smash up yacht in Pacific",https://nypost.com/2026/10/01/world-news/sperm-whales-sink-yacht-in-pacific-ocean-crew-rescued-18-hours-later/
67,2026-09-30-20-18-09 +0000,nyt,"How to Listen to Your Favorite Music, Online or Off the Grid",https://www.nytimes.com/2026/09/30/technology/personaltech/how-to-listen-to-your-favorite-music-online-or-off-the-grid.html
67,2026-10-01-00-30-04 +0000,nyt,"Who Is Steve Hilton, the Republican Running for Governor in California?",https://www.nytimes.com/live/2026/09/30/us/california-governor-debate/who-is-steve-hilton-the-republican-candidate-for-governor
67,2026-10-01-16-39-27 +0000,nyt,Christa Pike’s failed execution echoes another in Tennessee this year.,https://www.nytimes.com/live/2026/10/01/us/christa-pike-tennessee-execution/tony-carruthers-failed-execution
66,2026-10-01-18-05-40 +0000,nyt,2 Dead and 1 Missing in Medical Helicopter Crash Near California Coast,https://www.nytimes.com/2026/10/01/us/helicopter-crash-catalina-island-california.html
66,2026-10-01-00-50-50 +0000,nyt,"Who Is Xavier Becerra, the Democrat Running for Governor in California?",https://www.nytimes.com/live/2026/09/30/us/california-governor-debate/who-is-xavier-becerra
66,2026-10-01-12-53-13 +0000,nyt,FlyDubai Flight to Israel Diverted After Clash Between Pilots: What We Know and Don’t Know,https://www.nytimes.com/2026/09/30/world/middleeast/flydubai-dubai-israel-flight-diverted.html
66,2026-10-01-10-00-01 +0000,wapo,Trump’s playing his greatest hits. They don’t work as well as they used to.,https://www.washingtonpost.com/politics/2026/10/01/trumps-playing-his-greatest-hits-they-dont-work-well-they-used/
65,2026-10-01-14-22-14 +0000,bbc,What we know about stabbing on Flydubai flight to Israel,https://www.bbc.co.uk/news/articles/cqjdv7pmj9dno?at_medium=RSS&at_campaign=rss
65,2026-09-30-21-16-16 +0000,nypost,Trump mails letter and $500 check to 950K Americans with Obamacare,https://nypost.com/2026/09/30/business/trump-mails-letter-and-500-check-to-950k-americans-with-obamacare/
65,2026-10-01-16-59-37 +0000,wapo,States sue to stop Trump’s retreat on power plant emissions,https://www.washingtonpost.com/climate-environment/2026/10/01/states-sue-stop-trumps-retreat-power-plant-emissions/
64,2026-10-01-09-44-00 +0000,wsj,An Israel-Bound Flight Plunged After a Cockpit Stabbing. Then Passengers Intervened.,https://www.wsj.com/world/an-israel-bound-flight-plunged-after-a-cockpit-stabbing-then-passengers-intervened-84023704?mod=rss_worldnews
64,2026-10-01-16-25-16 +0000,wapo,4 takeaways from Trump’s Time magazine interview,https://www.washingtonpost.com/politics/2026/10/01/4-takeaways-trumps-time-magazine-interview/
63,2026-10-01-14-00-00 +0000,wsj,Hedge-fund managers are losing their main strategy for avoiding a 3.8% federal self-employment tax after a yearslong Internal Revenue Service campaign yielded government victories in appeals courts,https://www.wsj.com/politics/policy/hedge-fund-managers-lose-out-on-lucrative-tax-strategy-3d9e05b4?mod=rss_socialpoliticsfeed
63,2026-10-01-17-22-53 +0000,nyt,5 Passengers on FlyDubai Flight to Receive Israel’s Award for Heroism,https://www.nytimes.com/2026/10/01/world/middleeast/flydubai-flight-passengers-israel-hero-honor.html
63,2026-10-01-17-04-06 +0000,missionlocal,Lyft to pay $272.5 million in California’s largest-ever wage theft settlement,https://missionlocal.org/2026/10/lyft-san-francisco-wage-theft-settlement/
63,2026-10-01-04-50-43 +0000,nyt,5 Takeaways From the Debate for California Governor,https://www.nytimes.com/2026/10/01/us/politics/california-governor-debate-takeaways.html
62,2026-10-01-10-00-00 +0000,latimes,"Exceptionally long heat wave hitting Southern California, could last until mid-October",https://www.latimes.com/california/story/2026-10-01/long-lasting-heat-wave-coming-to-socal-forecasters-warn
62,2026-10-01-11-26-46 +0000,bbc,"Too early to say whether Iran involved in Dubai-Tel Aviv flight attack, Israeli PM says",https://www.bbc.co.uk/news/articles/cqgmrm7xd8wyo?at_medium=RSS&at_campaign=rss
61,2026-10-01-15-00-25 +0000,wapo,The Pollwatcher: How much can Republicans outrun Trump’s approval ratings?,https://www.washingtonpost.com/politics/2026/10/01/pollwatcher-how-much-can-republicans-outrun-trumps-approval-ratings/
61,2026-10-01-18-36-00 +0000,wsj,"The top Democrats on the Senate and House foreign affairs committees urged the State Department to review the conduct of Kimberly Guilfoyle, the U.S. ambassador to Greece, citing a WSJ investigation",https://www.wsj.com/politics/policy/lawmakers-call-for-probe-into-kimberly-guilfoyles-conduct-480e1384?mod=rss_socialpoliticsfeed
61,2026-09-30-20-38-00 +0000,nyt,Panic and Heroics on FlyDubai Flight: ‘We Felt That This Was It’,https://www.nytimes.com/2026/09/30/world/middleeast/flydubai-israel-dubai-flight-pilots-attack.html
61,2026-09-30-20-21-00 +0000,wsj,10-Year Treasury Yield Rises to New 24-Year High,https://www.wsj.com/finance/investing/10-year-treasury-yield-rises-to-new-24-year-high-641f0790?mod=rss_markets_main
61,2026-10-01-10-00-01 +0000,wapo,"Democrat has edge in Virginia House race considered national bellwether, poll finds",https://www.washingtonpost.com/politics/2026/10/01/shannon-taylor-has-edge-over-rob-wittman-virginia-house-district-post-poll-finds/
61,2026-09-30-21-38-54 +0000,bbc,Flydubai passenger describes putting attacker in chokehold after cockpit stabbing,https://www.bbc.co.uk/news/articles/cmx2z92xx57no?at_medium=RSS&at_campaign=rss
60,2026-10-01-16-53-08 +0000,wapo,Nebraska’s Dan Osborn responds to audio commenting on Trump supporters,https://www.washingtonpost.com/politics/2026/10/01/nebraskas-dan-osborn-responds-leaked-audio-commenting-trump-supporters/
59,2026-10-01-17-18-44 +0000,nyt,"After Failed Attempt to Execute Christa Pike, Tennessee Pauses a Planned Execution",https://www.nytimes.com/2026/10/01/us/tennessee-executions-christa-pike-lee-review.html
59,2026-10-01-18-52-01 +0000,nyt,FlyDubai Under Scrutiny After Cockpit Attack,https://www.nytimes.com/2026/10/01/world/middleeast/flydubai-israel-scrutiny.html
59,2026-10-01-11-21-00 +0000,wsj,The Massive Corporate Tax Bills That Hinge on Two Words; Levi Strauss Names New CFO,https://www.wsj.com/cfo-journal/the-massive-corporate-tax-bills-that-hinge-on-two-words-levi-strauss-names-new-cfo-f997fca3?mod=pls_whats_news_us_business_f
59,2026-10-01-12-54-34 +0000,nypost,"Omani co-pilot ‘underwent Islamist radical indoctrination’ was on suicidal mission to ‘down the plane,’ Netanyahu says",https://nypost.com/2026/10/01/world-news/flydubai-co-pilot-was-on-suicidal-mission-to-down-the-plane-netanyahu/
59,2026-10-01-13-09-00 +0000,wsj,U.A.E. Investigates Whether Terrorism Played Role in FlyDubai Attack,https://www.wsj.com/world/middle-east/u-a-e-opens-investigation-into-flydubai-attack-f16f17b5?mod=rss_worldnews
58,2026-09-30-20-19-40 +0000,bbc,Watch: Why was the US execution of Christa Pike halted?,https://www.bbc.co.uk/news/videos/cm3v4vkdl017o?at_medium=RSS&at_campaign=rss
58,2026-10-01-17-16-44 +0000,missionlocal,"Mayor unendorses Manny Yekutiel, others call for him to drop out in wake of new sexual assault allegations",https://missionlocal.org/2026/10/san-francisco-manny-yekutiel-sexual-assault-district-8-supervisor/
58,2026-10-01-14-42-42 +0000,nypost,"Schumer says he won’t quit as Dem Senate leader post-midterms, warns GOP may ‘steal the election’",https://nypost.com/2026/10/01/us-news/chuck-schumer-says-he-wont-quit-as-dem-senate-leader-post-midterms-warns-gop-may-steal-the-election/
58,2026-10-01-18-32-56 +0000,nyt,What Did Christa Pike Do? What to Know About the Botched Tennessee Execution.,https://www.nytimes.com/2026/10/01/us/christa-pike-alive-tennessee-execution-halted.html
57,2026-10-01-18-23-02 +0000,wapo,"Christa Pike in critical condition after botched Tennessee execution, lawyers say",https://www.washingtonpost.com/national-security/2026/10/01/tennessee-pledges-investigation-after-botching-second-execution-this-year/
57,2026-10-01-15-52-55 +0000,cbc,"Renee Good's family sues U.S. government, ICE officer and others over Minneapolis killing",https://www.cbc.ca/news/world/renee-good-lawsuits-minneapolis-9.7365279?cmp=rss
57,2026-10-01-18-37-51 +0000,startribune,"Renee Good’s family sues the United States over her death, Operation Metro Surge",https://www.startribune.com/renee-good-family-lawsuit-operation-metro-surge/601895357
56,2026-10-01-10-00-00 +0000,latimes,How to vote in California's November 2026 general election,https://www.latimes.com/california/story/2026-10-01/2026-california-election-how-to-vote-november-general-voter-guide
55,2026-10-01-16-57-00 +0000,wsj,A Political Backlash Is Rocking California’s Trumpiest Town Council,https://www.wsj.com/us-news/a-political-backlash-is-rocking-californias-trumpiest-town-council-52c63d73?mod=rss_usnews
55,2026-10-01-09-03-22 +0000,nyt,Texas Governor Race Puts Pressure on Andy Beshear and Democratic Governors Association,https://www.nytimes.com/2026/10/01/us/politics/gina-hinojosa-andy-beshear-democratic-governors-association.html
54,2026-10-01-17-31-06 +0000,bbc,What happened in the failed execution of Christa Pike - and what next?,https://www.bbc.co.uk/news/articles/ckge4eql4q7eo?at_medium=RSS&at_campaign=rss
53,2026-10-01-18-00-07 +0000,nyt,Israelis Take Pride in Bravery of Passengers Who Saved FlyDubai Flight,https://www.nytimes.com/2026/10/01/world/middleeast/israel-passengers-flight-1073.html
53,2026-10-01-00-01-07 +0000,nyt,Expect both candidates to pitch solutions to a perennial California problem: affordable housing.,https://www.nytimes.com/live/2026/09/30/us/california-governor-debate/california-governor-candidates-affordable-housing
53,2026-10-01-10-04-23 +0000,chitri,Election preview: Three vie for two seats in Eastern Will County’s third district,https://www.chicagotribune.com/2026/10/01/election-preview-will-county-3rd/
52,2026-10-01-18-51-56 +0000,bbc,"Christa Pike is alive and receiving 'life-saving care' in hospital, her lawyers say",https://www.bbc.co.uk/news/articles/cmn4540d4z87o?at_medium=RSS&at_campaign=rss
52,2026-10-01-01-37-28 +0000,chitri,"‘Record divergence’ between economic data and Americans’ views, Chicago Fed president says",https://www.chicagotribune.com/2026/09/30/economic-data-chicago-fed-president/
52,2026-10-01-00-57-04 +0000,bbc,"California bans child marriage, a practice still legal in 32 US states",https://www.bbc.co.uk/news/articles/c6rm9mnn0w3eo?at_medium=RSS&at_campaign=rss
51,2026-10-01-18-53-08 +0000,nyt,Live Updates: Investigators Seek to Establish Motive in FlyDubai Attack,https://www.nytimes.com/live/2026/10/01/world/flydubai-flight-israel-plane-pilots
51,2026-10-01-11-16-40 +0000,nypost,Accused flydubai plane hijacker is religious extremist who refused to shake women’s hands: ‘We hired a terrorist’,https://nypost.com/2026/10/01/world-news/accused-plane-hijacker-is-religious-extremist-who-refuses-to-shake-womens-hands-we-hired-a-terrorist/
51,2026-10-01-06-14-24 +0000,bbc,Watch: The many questions raised by the failed execution of Christa Pike,https://www.bbc.co.uk/news/videos/cq5ymyl1y29ko?at_medium=RSS&at_campaign=rss
51,2026-10-01-00-07-00 +0000,wsj,"Fed’s Kashkari Says Inflation Still Too High, Latest Data Didn’t Change View",https://www.wsj.com/economy/central-banking/feds-kashkari-says-inflation-still-too-high-latest-data-didnt-change-view-e729d071?mod=rss_socialeconomyfeed
50,2026-10-01-13-06-41 +0000,nyt,How fraught Middle East geopolitics could complicate the FlyDubai investigation.,https://www.nytimes.com/live/2026/10/01/world/flydubai-flight-israel-plane-pilots/how-fraught-middle-east-geopolitics-could-complicate-flydubai-investigation
50,2026-10-01-13-30-00 +0000,nypost,Delivery contractor closing California operation with dozens of positions axed,https://nypost.com/2026/10/01/business/california-amazon-delivery-contractor-shutting-down-106-workers-to-lose-jobs/
50,2026-09-30-20-16-27 +0000,nypost,"Fed official used Asian dating site, sent nude photos — and wound up blackmailed by alleged Chinese spy",https://nypost.com/2026/09/30/business/fed-official-used-asian-dating-site-sent-nude-photos-and-wound-up-blackmailed-by-alleged-chinese-spy/
49,2026-10-01-17-05-32 +0000,nyt,Israeli Politicians Trade Barbs Over FlyDubai Attack,https://www.nytimes.com/2026/10/01/world/middleeast/israel-flydubai-netanyahu-elections.html
49,2026-09-30-21-49-30 +0000,chitri,Judge appoints receiver to manage Calumet City’s River Oaks West shopping center in foreclosure lawsuit,https://www.chicagotribune.com/2026/09/30/river-oaks-west-receiver/
49,2026-09-30-23-49-24 +0000,nypost,"Gavin Newsom targets ICE agents with shock-glove ban, job blacklist — but feds tell them to ignore him",https://nypost.com/2026/09/30/us-news/california-gov-newsom-signs-laws-to-punish-ice-agents/
49,2026-09-30-21-31-42 +0000,nyt,"UK Believes Iran Played a Part in RAF Fairford Air Base Incident, Burnham Says",https://www.nytimes.com/2026/09/30/world/europe/uk-iran-raf-fairford-burnham.html
48,2026-10-01-17-49-00 +0000,wsj,"The Pentagon is sending a third aircraft-carrier strike group and additional Marine Corps ships to the Middle East, according to U.S. officials",https://www.wsj.com/politics/national-security/u-s-sending-third-aircraft-carrier-up-to-10-000-more-troops-to-middle-east-42996f7a?mod=rss_socialpoliticsfeed
48,2026-10-01-17-38-19 +0000,nyt,See How El Niño Is Washing Ashore in California,https://www.nytimes.com/2026/09/30/climate/el-nino-storm-flooding-kelvin-waves.html
48,2026-10-01-01-16-52 +0000,nypost,Xavier Becerra brutally dubbed ‘b-ass’ by Steve Hilton as gubernatorial campaign kicks off with fiery CNN debate,https://nypost.com/2026/09/30/us-news/steve-hilton-brands-xavier-b-ass-becerra-ahead-of-california-governor-debate/
48,2026-10-01-11-27-38 +0000,nypost,"Sen. Marsha Blackburn sues ex-Special Counsel Jack Smith, says he illegally obtained her phone records",https://nypost.com/2026/10/01/us-news/sen-marsha-blackburn-sues-ex-special-counsel-jack-smith-says-he-illegally-obtained-her-phone-records/
47,2026-10-01-01-20-00 +0000,wsj,"Senate Democrats are challenging the legality and prudence of the Pentagon’s plan to take a stake in a Venezuelan oil company, laying the groundwork for a potential probe into the arrangement",https://www.wsj.com/politics/national-security/democratic-senators-challenge-trump-officials-on-pentagons-venezuela-oil-deal-25672687?mod=rss_socialpoliticsfeed
47,2026-10-01-17-06-00 +0000,wsj,"More than 50 years after Watergate, the Justice Department is reaching back into history to consider whether Richard Nixon was treated unfairly",https://www.wsj.com/us-news/law/decades-after-watergate-justice-department-reviews-whether-nixon-got-a-raw-deal-8e25380f?mod=rss_socialpoliticsfeed
47,2026-10-01-13-49-30 +0000,bbc,Witnesses recount Christa Pike's failed execution,https://www.bbc.co.uk/news/videos/ckly5y1jzm2zo?at_medium=RSS&at_campaign=rss
47,2026-10-01-16-07-57 +0000,nyt,Investigators Seek to Determine How a Weapon Entered FlyDubai Cockpit,https://www.nytimes.com/2026/10/01/world/middleeast/flydubai-weapon-cockpit-stabbing-attack.html
47,2026-10-01-17-06-55 +0000,bbc,Renee Good's partner speaks publicly for first time since her death,https://www.bbc.co.uk/news/videos/cmd686wyp0pgo?at_medium=RSS&at_campaign=rss
47,2026-10-01-09-59-59 +0000,bbc,US death row inmate survives execution attempt after two lethal injections,https://www.bbc.co.uk/news/articles/cq8r6rjdvlx6o?at_medium=RSS&at_campaign=rss
46,2026-09-30-20-28-00 +0000,wsj,Energy developers have clamored for years for legislation to speed up their projects. Congress wants to give it to them—and more.,https://www.wsj.com/politics/policy/congress-wants-to-bring-federal-agencies-to-heel-over-energy-projects-c986cb72?mod=rss_socialpoliticsfeed
46,2026-10-01-14-52-52 +0000,nypost,Model claims Victoria’s Secret bought rights to just a sliver of her face — then used almost all of it,https://nypost.com/2026/10/01/business/model-claims-victorias-secret-bought-rights-to-just-a-sliver-of-her-face-then-used-almost-all-of-it/
46,2026-10-01-11-30-00 +0000,wapo,"Belief that college is very important hits new low, poll finds",https://www.washingtonpost.com/education/2026/10/01/belief-that-college-is-very-important-hits-new-low-poll-finds/
46,2026-10-01-17-49-00 +0000,wsj,"U.S. Sending Third Aircraft Carrier, Up to 10,000 More Troops, to Middle East",https://www.wsj.com/politics/national-security/u-s-sending-third-aircraft-carrier-up-to-10-000-more-troops-to-middle-east-42996f7a?mod=rss_worldnews
46,2026-10-01-16-56-06 +0000,nypost,LA County sales tax increases Thursday — hitting nation’s highest rate,https://nypost.com/2026/10/01/us-news/new-los-angeles-county-sales-tax-increase-takes-effect-oct-1/
46,2026-10-01-10-54-00 +0000,wsj,Congress has thrown in the towel and is most likely done legislating until after the midterm elections in November. Read more in today’s WSJ Politics Newsletter:,https://www.wsj.com/politics/policy/congress-wraps-up-with-a-whimper-and-a-shrug-2e73a301?mod=rss_socialpoliticsfeed
46,2026-10-01-15-41-17 +0000,cbc,What we know so far about the midair FlyDubai attack,https://www.cbc.ca/news/world/flydubai-incident-details-9.7365051?cmp=rss
46,2026-10-01-18-21-22 +0000,bbc,HMRC urged to scrutinise tax implications of Man City case,https://www.bbc.co.uk/sport/football/articles/cjkg7g93y5yno?at_medium=RSS&at_campaign=rss
45,2026-10-01-12-09-52 +0000,cbc,U.A.E. announces investigation into FlyDubai stabbing,https://www.cbc.ca/news/world/flydubai-investigations-pilot-stabbing-9.7364851?cmp=rss
45,2026-10-01-18-48-46 +0000,bbc,Netanyahu says Flydubai attacker had 'Islamist radical indoctrination',https://www.bbc.co.uk/news/articles/crje8edqyej9o?at_medium=RSS&at_campaign=rss
44,2026-10-01-18-52-15 +0000,nypost,McDonald’s brushes off claims it’s using AI to set prices as big nothingburger,https://nypost.com/2026/10/01/business/mcdonalds-brushes-off-claims-its-using-ai-to-set-prices-as-big-nothingburger/
44,2026-10-01-10-18-05 +0000,wapo,Who is the Indian pilot who fought off his cockpit attacker?,https://www.washingtonpost.com/world/2026/10/01/flydubai-indian-pilot-smit-machchhar-hailed-hero-after-cockpit-stabbing/
44,2026-10-01-17-34-08 +0000,nypost,Dem has razor-thin lead over GOP Rep. Mike Lawler in battleground NY House district: poll,https://nypost.com/2026/10/01/us-news/dem-has-razor-thin-lead-over-gop-rep-mike-lawler-in-battleground-ny-house-district-poll/
44,2026-10-01-17-26-40 +0000,bbc,"Man City not 'above the rules', says No 10 after backlash to Burnham remarks",https://www.bbc.co.uk/news/articles/cj3v4vn3ydw1o?at_medium=RSS&at_campaign=rss
43,2026-10-01-15-18-22 +0000,bbc,Hundreds of criminals start leaving prison under new early release scheme,https://www.bbc.co.uk/news/articles/c6evwvdwggrlo?at_medium=RSS&at_campaign=rss
43,2026-10-01-18-08-48 +0000,bbc,"Cornell accuser was 'failed' by university health care system, lawyer says",https://www.bbc.co.uk/news/articles/c699d93j22r5o?at_medium=RSS&at_campaign=rss
43,2026-10-01-17-06-06 +0000,nypost,"Chaos as four underground vaults erupt under San Francisco sparking mass power shut-off, shelter in place",https://nypost.com/2026/10/01/us-news/bay-area-underground-vault-fire-forces-shelter-in-place-orders/
42,2026-09-30-21-05-54 +0000,latimes,'USC is not afraid to change.' New provost vows to rebuild lost trust in higher education,https://www.latimes.com/california/story/2026-09-30/usc-david-madigan-provost
42,2026-10-01-13-13-00 +0000,wsj,Best High-Yield Savings Accounts for October 2026: Up to 4.50%,https://www.wsj.com/buyside/personal-finance/banking/best-high-yield-savings-account?mod=rss_worldnews
42,2026-10-01-15-13-00 +0000,wsj,South Korea Contests U.S. Claims of New $50 Billion Alaska Investment,https://www.wsj.com/world/asia/south-korea-contests-u-s-claims-of-new-50-billion-alaska-investment-550b9a1e?mod=rss_worldnews
41,2026-09-30-20-16-46 +0000,nyt,Fed’s Watchdog Finds No Misconduct or Illegal Activity in Costly Renovations,https://www.nytimes.com/2026/09/30/business/fed-renovations-trump-powell-report.html
41,2026-10-01-04-41-13 +0000,latimes,Investigation underway after student dies in fall from balcony at Highland Park high school,https://www.latimes.com/california/story/2026-09-30/investigation-underway-after-student-dies-in-fall-from-balcony-at-highland-park-high-school
41,2026-10-01-18-00-00 +0000,wsj,U.K. Police Arrest British-Iranian Dual National Over Foiled Fairford Attack,https://www.wsj.com/world/u-k-police-arrest-british-iranian-dual-national-over-foiled-fairford-attack-f299f789?mod=rss_worldnews
41,2026-10-01-10-00-00 +0000,latimes,Commentary: Senator flubs gotcha moment by mixing up sports teams. A woman steps in to correct him,https://www.latimes.com/politics/story/2026-10-01/senator-flubs-gotcha-moment-by-mixing-up-sports-teams-woman-steps-in-to-correct-him
41,2026-10-01-09-30-00 +0000,wsj,All This Man Thinks About Is What He Can Shrink Next. It Made Him a Toy Tycoon.,https://www.wsj.com/lifestyle/careers/alan-dorfman-worlds-smallest-toys-2aba47fe?mod=pls_whats_news_us_business_f
40,2026-10-01-18-07-29 +0000,nyt,UK-Iranian Man Arrested in Connection to RAF Fairford Air Base Incident,https://www.nytimes.com/2026/10/01/world/europe/uk-iran-terrorism-raf-fairford.html
40,2026-09-30-23-10-06 +0000,bbc,Rosenberg: Putin shows no sign of stopping the war as Russia doubles down on Ukraine,https://www.bbc.co.uk/news/articles/cqx2ze420kpyo?at_medium=RSS&at_campaign=rss
40,2026-10-01-14-29-01 +0000,nyt,One Issue Hanging Over Brazil’s Presidential Election: Online Gambling and Record-High Debts,https://www.nytimes.com/2026/10/01/world/americas/brazil-gambling-debts-elections.html
40,2026-10-01-13-36-42 +0000,nyt,Renewable Energy Super PAC Targets 7 Republicans With $15 Million War Chest,https://www.nytimes.com/2026/10/01/us/politics/renewable-energy-super-pac-republicans-midterms.html
40,2026-10-01-00-12-34 +0000,wapo,Why Lindsay Clancy’s lawyer is disputing whether she killed her children,https://www.washingtonpost.com/nation/2026/09/30/why-lindsay-clancys-lawyer-is-disputing-whether-she-killed-her-children/
40,2026-10-01-13-26-00 +0000,wsj,Oil Rises as Supply Concerns Persist Despite Middle East Crude Exports Recovering to Prewar Levels,https://www.wsj.com/finance/commodities-futures/oil-rises-as-supply-concerns-persist-despite-middle-east-crude-exports-recovering-to-prewar-levels-067a47d8?mod=pls_whats_news_us_business_f
39,2026-10-01-11-51-29 +0000,nyt,The Global Bond Rout Reaches Worrying New Levels,https://www.nytimes.com/2026/10/01/business/dealbook/bond-rout-trump-powell.html
39,2026-09-30-21-38-59 +0000,cbc,Conservative critic says government must hit lower immigration target in next levels plan,https://www.cbc.ca/news/politics/conservatives-immigration-caps-lower-9.7364405?cmp=rss
39,2026-10-01-09-03-22 +0000,nyt,New Facility at Louisiana Airport to Hold Immigrant Children and Families,https://www.nytimes.com/2026/10/01/us/ice-child-detention-center-louisiana.html
39,2026-10-01-14-00-00 +0000,wsj,Hedge-Fund Managers Lose Out on Lucrative Tax Strategy,https://www.wsj.com/politics/policy/hedge-fund-managers-lose-out-on-lucrative-tax-strategy-3d9e05b4?mod=rss_markets_main
38,2026-10-01-17-52-09 +0000,nypost,UK-Iranian dual national arrested in connection to suspected terror plot at RAF Fairford airbase,https://nypost.com/2026/10/01/world-news/uk-iranian-dual-national-arrested-in-connection-to-suspected-terror-plot-at-raf-fairford/
38,2026-10-01-17-08-14 +0000,nyt,Pike Said She Rued a Grisly Crime. The Victim’s Mother Wants Her Dead.,https://www.nytimes.com/2026/10/01/us/christa-pike-remorse-victim-mother.html
38,2026-10-01-15-45-00 +0000,wsj,David Ellison Asks CNN CEO to Stay After Paramount-Warner Deal Closes,https://www.wsj.com/business/media/ellison-asks-cnn-ceo-to-stay-after-paramount-warner-deal-closes-166dd76a?mod=pls_whats_news_us_business_f
38,2026-10-01-11-00-00 +0000,missionlocal,"Theo Ellington, District 10 frontrunner backed by billionaire, says he’d restrict billionaire funding",https://missionlocal.org/2026/10/san-francisco-theo-ellington-district-10-forum-flock-billionaires/
38,2026-10-01-15-32-25 +0000,nyt,An Idaho death row prisoner described living through a botched execution.,https://www.nytimes.com/live/2026/10/01/us/christa-pike-tennessee-execution/an-idaho-death-row-prisoner-described-living-through-a-botched-execution
37,2026-10-01-17-06-00 +0000,wsj,"Decades After Watergate, Justice Department Reviews Whether Nixon Got a Raw Deal",https://www.wsj.com/us-news/law/decades-after-watergate-justice-department-reviews-whether-nixon-got-a-raw-deal-8e25380f?mod=rss_usnews
37,2026-09-30-20-34-20 +0000,wapo,U.K. sees ‘strong indications’ that Iran played role in air base incident,https://www.washingtonpost.com/world/2026/09/30/no-explosives-found-vans-near-raf-fairford-uk-counterterrorism-police-say/
37,2026-10-01-01-16-26 +0000,latimes,"L.A. suburb lifts ban, will allow its Little Leaguers back on city fields",https://www.latimes.com/california/story/2026-09-30/santa-fe-springs-reverses-little-league-ban-after-field-use-dispute
37,2026-10-01-13-10-00 +0000,wapo,"Elon Musk to return his attention to government, advise Pentagon on future of war",https://www.washingtonpost.com/politics/2026/10/01/elon-musk-return-his-attention-government-advise-pentagon-future-war/
37,2026-10-01-12-43-57 +0000,bbc,'He's taught us courage': Friend on Indian pilot hailed as a hero,https://www.bbc.co.uk/news/articles/cq33k36yp01no?at_medium=RSS&at_campaign=rss
37,2026-10-01-17-40-16 +0000,nypost,Alleged ‘Cornell 7’ gang rape victim said frat members joked about having ‘eightsome’ with her: ‘My reputation is destroyed’,https://nypost.com/2026/10/01/us-news/alleged-cornell-gang-rape-victim-said-frat-bros-joked-about-eightsome/
37,2026-09-30-20-47-46 +0000,nypost,Iran indicates it’s received an official US response to its latest offer on ending the war,https://nypost.com/2026/09/30/world-news/iran-indicates-its-received-an-official-us-response-to-its-latest-offer-on-ending-the-war/
37,2026-10-01-14-39-14 +0000,latimes,"2 dead, 1 missing off of Catalina Island after medevac helicopter goes down in the water",https://www.latimes.com/california/story/2026-10-01/2-dead-1-missing-off-of-catalina-island-after-helicopter-goes-down-in-water
37,2026-09-30-23-00-00 +0000,wsj,Money Managers Are Asking Clients to Give the Bond Market Another Chance,https://www.wsj.com/finance/investing/money-managers-are-asking-clients-to-give-the-bond-market-another-chance-6f874f1c?mod=rss_markets_main
37,2026-10-01-18-45-25 +0000,bbc,Judge permanently ends case against Olympian accused of Reflecting Pool vandalism,https://www.bbc.co.uk/news/articles/c68jdjw7mydeo?at_medium=RSS&at_campaign=rss
36,2026-09-30-21-26-59 +0000,bbc,"UK believes Iran involved in RAF Fairford incident, Burnham says",https://www.bbc.co.uk/news/articles/cjwyz59k5y75o?at_medium=RSS&at_campaign=rss
36,2026-10-01-10-05-25 +0000,bbc,"AI boom could trigger market shocks, Bank of England boss warns",https://www.bbc.co.uk/news/articles/cv8e30enrkxyo?at_medium=RSS&at_campaign=rss
36,2026-10-01-17-59-33 +0000,nypost,NY AG Letitia James launches ‘review’ into ‘Cornell 7’ gang rape case,https://nypost.com/2026/10/01/us-news/ny-ag-letitia-james-launches-review-into-cornell-7-gang-rape-case/
36,2026-10-01-00-55-59 +0000,missionlocal,"S.F. police stopping drivers for minor violations far less after policy change, report finds",https://missionlocal.org/2026/09/san-francisco-police-pretextual-traffic-stops/
36,2026-10-01-12-15-48 +0000,nyt,New York Times Reporting Through a Front Page That Never Published and More,https://www.nytimes.com/2026/10/01/business/new-york-times-journalism-reporting-objects.html
36,2026-10-01-14-39-45 +0000,nypost,Russian drone strikes Kyiv school as Moscow’s relentless aerial attacks against Ukraine continues,https://nypost.com/2026/10/01/world-news/russian-drone-strikes-a-kyiv-school-as-moscows-aerial-campaign-against-ukraine-continues/
36,2026-10-01-09-06-44 +0000,nyt,"Oil Is Flowing From the Persian Gulf, but Prices Remain High. Why?",https://www.nytimes.com/2026/10/01/business/energy-environment/oil-prices-iran-war-trump.html
36,2026-09-30-22-18-03 +0000,nypost,"Hegseth taps Musk, Luckey, Gingrich to study future of war for US military",https://nypost.com/2026/09/30/us-news/pete-hegseth-taps-elon-musk-palmer-luckey-newt-gingrich-to-study-future-of-war-for-us-military/
36,2026-09-30-20-45-10 +0000,nypost,The truth about how vehicle service contracts pay claims: The math behind $1 billion in payouts for 3 million vehicles,https://nypost.com/business/car-service-contracts-aftermarket-extended-warranties-guide/
36,2026-10-01-00-08-23 +0000,bbc,"Swiss glaciers suffer 'disastrous' year of ice loss, threatening water supplies",https://www.bbc.co.uk/news/articles/c6n9w0ypjwl9o?at_medium=RSS&at_campaign=rss
35,2026-10-01-07-08-22 +0000,bbc,Energy bills are rising by £60 a year - here's how you can bring that down,https://www.bbc.co.uk/news/articles/crm4rygl4m3o?at_medium=RSS&at_campaign=rss
35,2026-09-30-23-51-08 +0000,missionlocal,"Survey says: San Franciscans feel city government improved, but streets still poor",https://missionlocal.org/2026/09/san-francisco-city-survey-2026/
35,2026-09-30-23-21-19 +0000,nyt,Bessent Settled Tax Issue That Had Put Him at Odds With I.R.S.,https://www.nytimes.com/2026/09/30/business/bessent-settled-tax-issue-that-had-put-him-at-odds-with-irs.html
35,2026-09-30-22-34-00 +0000,wsj,Defense Secretary Pete Hegseth is creating a four-star combatant command for autonomous warfare,https://www.wsj.com/politics/national-security/hegseth-unveils-new-command-to-oversee-military-drone-tech-d5b68073?mod=rss_socialpoliticsfeed
35,2026-09-30-21-37-00 +0000,wsj,"A Tech-Fueled Stock Market Powers Through, but Limps Into the Fourth Quarter",https://www.wsj.com/finance/stocks/a-tech-fueled-stock-market-powers-through-but-limps-into-the-fourth-quarter-47eac700?mod=rss_markets_main
35,2026-10-01-00-25-31 +0000,wapo,Hegseth details new initiatives in partisan address to troops,https://www.washingtonpost.com/national-security/2026/09/30/hegseth-map-out-forthcoming-moves-address-hundreds-troops/
34,2026-10-01-08-14-49 +0000,wsj,Stock Market Today: Treasury Selloff Flips in Volatile Trading Day,https://www.wsj.com/livecoverage/stock-market-today-dow-sp-500-nasdaq-10-01-2026?mod=rss_markets_main
34,2026-10-01-03-17-00 +0000,wsj,"China Will Find a Way to Manage Crypto, Solana Co.’s CEO Says",https://www.wsj.com/finance/currencies/china-will-find-a-way-to-manage-crypto-solanas-ceo-says-7e42a518?mod=rss_markets_main
34,2026-10-01-13-32-00 +0000,wsj,Dollar Hits Near 18-Month High on Prospect of Higher U.S. Rates,https://www.wsj.com/finance/currencies/dollar-hits-3-month-high-on-prospect-of-higher-u-s-rates-6866460f?mod=rss_markets_main
34,2026-10-01-15-11-24 +0000,cbc,West Coast oil pipeline becomes 1st project designated in national interest,https://www.cbc.ca/news/politics/west-coast-pipeline-national-interest-9.7365037?cmp=rss
34,2026-10-01-18-12-26 +0000,latimes,CNN chief Mark Thompson in talks to remain in role after Paramount takes over network,https://www.latimes.com/entertainment-arts/business/story/2026-10-01/cnn-chief-mark-thompson-in-talks-to-remain-in-role-after-paramount-takes-over-network
34,2026-10-01-10-00-00 +0000,startribune,Two school board members often absent as Minneapolis moves to close schools,https://www.startribune.com/mps-school-board-members-absent/601890728
34,2026-09-30-21-15-00 +0000,wsj,Natural Gas Closes Out Negative Third Quarter,https://www.wsj.com/finance/commodities-futures/natural-gas-falls-below-3-mmbtu-threshold-fcb618ce?mod=rss_markets_main
34,2026-10-01-03-52-20 +0000,bbc,"Plummeting Israel flight like 'rollercoaster', says passenger",https://www.bbc.co.uk/news/videos/cwm2r2v42vdeo?at_medium=RSS&at_campaign=rss
33,2026-10-01-14-51-44 +0000,nyt,John Roberts Retreated to His Island. Supreme Court Critics Found Him.,https://www.nytimes.com/2026/10/01/us/politics/supreme-court-roberts-maine.html
33,2026-10-01-17-56-21 +0000,nypost,Dramatic video shows NYC madman fatally stabbing straphanger during argument on rush-hour subway,https://nypost.com/2026/10/01/us-news/nyc-madman-arrested-after-fatally-stabbing-straphanger-during-argument-on-rush-hour-subway/
33,2026-10-01-02-09-00 +0000,wsj,Gold Edges Higher; Prices Could Remain Under Pressure Near Term,https://www.wsj.com/finance/commodities-futures/gold-edges-higher-prices-could-remain-under-pressure-near-term-57294882?mod=rss_markets_main
33,2026-10-01-09-54-00 +0000,wsj,Strong nominal growth carries a message for Treasury yields. Read more in today’s WSJ Economics newsletter:,https://www.wsj.com/finance/investing/this-datapoint-could-explain-soaring-bond-yields-d8ec5be0?mod=rss_socialeconomyfeed
33,2026-10-01-16-22-00 +0000,wsj,"Tech, Media & Telecom Roundup: Market Talk",https://www.wsj.com/business/tech-media-telecom-roundup-market-talk-4e144990?mod=rss_markets_main
32,2026-10-01-17-44-48 +0000,wapo,Supreme Court to scrutinize ICE’s mandatory detention policy for immigrants,https://www.washingtonpost.com/politics/2026/10/01/supreme-court-agrees-review-ice-mandatory-detention-policy-immigrants/
32,2026-10-01-09-00-00 +0000,wapo,Pentagon used emergency measure to change voter forms for Americans abroad,https://www.washingtonpost.com/politics/2026/10/01/pentagon-used-emergency-measure-change-voter-forms-americans-abroad/
32,2026-10-01-18-18-36 +0000,nyt,"As Mortgage Rates Hit Highest Level Since 2023, Buyers Look at ARMs",https://www.nytimes.com/2026/10/01/business/adjustable-mortgage-rates.html
32,2026-10-01-14-34-52 +0000,cbc,Alto high-speed rail project could cost more than originally thought: budget watchdog,https://www.cbc.ca/news/politics/alto-high-speed-rail-cost-estimate-pbo-9.7365065?cmp=rss
32,2026-10-01-16-25-00 +0000,wsj,Energy & Utilities Roundup: Market Talk,https://www.wsj.com/business/energy-utilities-roundup-market-talk-20084847?mod=pls_whats_news_us_business_f
32,2026-10-01-10-00-00 +0000,latimes,Influencers filed ethics complaint against Raman campaign — with help from Bass lawyers,https://www.latimes.com/politics/story/2026-10-01/bass-lawyers-help-influencers-file-complaint-against-raman-campaign
32,2026-10-01-16-54-06 +0000,startribune,Live: Her investigation recounts deteriorating relationship with police chief,https://www.startribune.com/kaohly-her-st-paul-report/601896225
32,2026-10-01-09-55-00 +0000,wsj,Why Domino’s New CEO Says an Insider Is a Better Innovator,https://www.wsj.com/business/media/why-dominos-new-ceo-says-an-insider-is-a-better-innovator-bb893638?mod=pls_whats_news_us_business_f
32,2026-10-01-17-20-06 +0000,nyt,"Help! Air Canada Got Me to Europe, Then Stranded Me There.",https://www.nytimes.com/2026/10/01/travel/air-canada-canceled-flight.html
32,2026-10-01-13-00-23 +0000,chitri,"Data centers could generate $57B over next decade in Illinois if public backlash addressed, study says",https://www.chicagotribune.com/2026/10/01/data-centers-illinois/
32,2026-09-30-22-27-26 +0000,nyt,OpenAI’s Greg Brockman Backs Out of Second $25 Million Donation to A.I. Super PAC,https://www.nytimes.com/2026/09/30/technology/openai-brockman-super-pac-leading-the-future.html
32,2026-10-01-11-40-35 +0000,bbc,Cornell case highlights 'draining' maze for victims to report campus sex assaults,https://www.bbc.co.uk/news/articles/crpd0wdnlgxno?at_medium=RSS&at_campaign=rss
32,2026-09-30-20-53-32 +0000,nypost,Americans blame their debt on inflation more than their own spending,https://nypost.com/business/americans-blame-debt-inflation-vs-spending/
32,2026-09-30-23-02-11 +0000,bbc,Vape tax comes into effect - but prices won't rise yet,https://www.bbc.co.uk/news/articles/c6j4jrjgv2j7o?at_medium=RSS&at_campaign=rss
31,2026-10-01-10-59-00 +0000,wsj,The Morning Risk Report: Mexico Tightens AML Rules Amid U.S. Pressure,https://www.wsj.com/risk-compliance-journal/the-morning-risk-report-mexico-tightens-aml-rules-amid-u-s-pressure-0d802b87?mod=rss_markets_main
31,2026-09-30-23-13-00 +0000,wsj,Mattel’s Ynon Kreiz Named Co-CEO at Paramount-Warner,https://www.wsj.com/business/media/mattels-ynon-kreiz-named-co-ceo-at-paramount-warner-6fada974?mod=pls_whats_news_us_business_f
31,2026-09-30-21-07-00 +0000,wsj,Surging Yields Bring the Bond Market Back to the Turn of the Century,https://www.wsj.com/finance/investing/surging-yields-bring-the-bond-market-back-to-the-turn-of-the-century-2b74773f?mod=rss_markets_main
31,2026-10-01-18-02-00 +0000,wsj,Judge Bars Future Reflecting Pool Charges Against Olympian,https://www.wsj.com/us-news/law/judge-bars-future-reflecting-pool-charges-against-olympian-602b5923?mod=rss_usnews
31,2026-10-01-09-02-57 +0000,nyt,"When Data Centers Cluster Together, How Dirty Are They? One County Wants Answers.",https://www.nytimes.com/2026/10/01/climate/data-center-pollution-study-pennsylvania.html
31,2026-10-01-08-30-50 +0000,chitri,Today in History: Claudia Sheinbaum sworn in as first female president of Mexico,https://www.chicagotribune.com/2026/10/01/today-in-history-claudia-sheinbaum/
31,2026-09-30-20-30-29 +0000,nyt,A Hasidic Jew Protested Against an Israeli Flag. He May Be Deported.,https://www.nytimes.com/2026/09/30/nyregion/anti-israel-protest-ice-detention.html
31,2026-10-01-17-04-22 +0000,nypost,Lindsay Clancy’s lawyer sets record straight after shock evidence claims at killer mom’s hearing,https://nypost.com/2026/10/01/us-news/kevin-reddington-sets-record-straight-after-shock-evidence-claims-at-lindsay-clancy-hearing/
30,2026-09-30-23-51-41 +0000,nyt,"Salah Sarsour, Islamic Leader in Wisconsin, Can Be Deported, Judge Rules",https://www.nytimes.com/2026/09/30/us/salah-sarsour-deportation-wisconsin.html
30,2026-10-01-16-24-00 +0000,wsj,Health Care Roundup: Market Talk,https://www.wsj.com/business/health-care-roundup-market-talk-5f95b714?mod=rss_markets_main
30,2026-09-30-20-00-00 +0000,wsj,Amazon Tries to Boost Nuclear Power in Maryland After Scrapping Data Center Deal,https://www.wsj.com/business/energy-oil/amazon-tries-to-boost-nuclear-power-in-maryland-after-scrapping-data-center-deal-d551385e?mod=pls_whats_news_us_business_f
30,2026-10-01-10-30-00 +0000,nypost,"GOP has shocking slim edge over Dems on affordability with ‘swing’ voters, conservative group finds",https://nypost.com/2026/10/01/us-news/gop-has-shocking-slim-edge-over-dems-on-affordability-with-swing-voters-conservative-group-finds/
30,2026-10-01-16-29-12 +0000,chitri,Average long-term US mortgage rate churns upward to its highest level in nearly 3 years at 7.28%,https://www.chicagotribune.com/2026/10/01/average-long-term-us-mortgage-rate-2/
30,2026-10-01-16-21-00 +0000,wsj,General Motors Third-Quarter Vehicle Sales Fall 5.5%,https://www.wsj.com/business/autos/general-motors-third-quarter-vehicle-sales-fall-5-5-0585f610?mod=pls_whats_news_us_business_f
30,2026-09-30-22-40-38 +0000,cbc,How AI hacked the Australian government and almost got away with it | About That,https://www.cbc.ca/player/play/9.7364583?cmp=rss
29,2026-10-01-10-00-00 +0000,wapo,Mississippi Democrats dare to wonder whether Senate seat is in reach,https://www.washingtonpost.com/politics/2026/10/01/has-mississippi-long-dead-zone-democrats-been-revived-by-trump-voting-rights/
29,2026-10-01-12-15-38 +0000,chitri,Lake Forest high school senior promoting sustainable farms to consumers in North Shore,https://www.chicagotribune.com/2026/10/01/lake-forest-teen-senior-promoting-sustainable-farms/
29,2026-09-30-23-17-00 +0000,wsj,Paramount Settlement of Antitrust Case Approved by Judge,https://www.wsj.com/business/media/paramount-settlement-of-antitrust-case-approved-by-judge-b53a04f4?mod=pls_whats_news_us_business_f
28,2026-09-30-21-16-00 +0000,wsj,MSG Sports Board Approves Spin-Off of Rangers From Knicks,https://www.wsj.com/business/msg-sports-board-approves-spin-off-of-rangers-from-knicks-71f1ba44?mod=rss_markets_main
28,2026-10-01-18-38-22 +0000,bbc,PM warned Rosebank oil field could breach West Bank sanctions,https://www.bbc.co.uk/news/articles/cmrl6lz454lgo?at_medium=RSS&at_campaign=rss
28,2026-09-30-22-40-55 +0000,nyt,Mattel Chief Named Co-C.E.O. of Combined Paramount and Warner Bros.,https://www.nytimes.com/2026/09/30/business/paramount-ellison-kreiz-mattel.html
28,2026-10-01-10-21-56 +0000,nyt,How Middle East Oil Exports Started Recovering,https://www.nytimes.com/video/business/100000011182407/how-middle-east-oil-exports-started-recovering.html
28,2026-10-01-18-28-21 +0000,nyt,U.S. Bond Yields Hit Highest Level Since 2002,https://www.nytimes.com/2026/10/01/business/bond-yields-10-year-treasury.html
28,2026-10-01-16-22-11 +0000,startribune,Read the investigative report into Mayor Kaohly Her,https://www.startribune.com/read-the-investigative-report-into-mayor-kaohly-her/601896316
28,2026-10-01-05-07-18 +0000,latimes,"4 rescued, 1 missing after medevac helicopter crashes off Catalina Island",https://www.latimes.com/california/story/2026-09-30/medavac-helicopter-crashes-off-catalina-search-rescue-operation-underway
27,2026-10-01-16-00-37 +0000,nyt,Russia to Sharply Increase War Spending and Cut Social Programs,https://www.nytimes.com/2026/10/01/world/europe/russia-war-budget.html
27,2026-10-01-15-30-48 +0000,nypost,Bari Weiss’ role at CNN revealed after David Ellison makes Mark Thompson decision,https://nypost.com/2026/10/01/media/bari-weiss-role-at-cnn-revealed-after-david-ellison-makes-mark-thompson-decision/
27,2026-10-01-16-00-00 +0000,wsj,Mortgage rates posted their largest increase in four years this week,https://www.wsj.com/economy/housing/mortgage-rates-surge-notching-largest-weekly-gain-in-four-years-e4d029af?mod=rss_socialeconomyfeed
27,2026-10-01-03-41-52 +0000,wapo,Senate leaves town until after the midterms as final bills founder,https://www.washingtonpost.com/politics/2026/09/30/senate-leaves-town-until-after-midterms-final-bills-founder/
27,2026-10-01-13-24-17 +0000,wapo,Tennessee halts scheduled executions after inmate survives lethal injection,https://www.washingtonpost.com/national-security/2026/09/30/execution-tennessee-woman-blocked-by-federal-court-with-hours-spare/
27,2026-10-01-16-46-48 +0000,nypost,Multiple US colleges with history of anti-Israel activism to stage play featuring Oct. 7 survivor testimony,https://nypost.com/2026/10/01/us-news/multiple-us-colleges-with-history-of-anti-israel-activism-to-stage-play-featuring-oct-7-survivor-testimony/
27,2026-09-30-20-13-47 +0000,nypost,Fed blasted by top watchdog over ‘mismanaged’ $2.5B ‘Palace of Versailles’ HQ work,https://nypost.com/2026/09/30/business/federal-reserve-hq-renovation-costs-hit-2-5b-oig-report-clears-powell/
27,2026-09-30-20-36-16 +0000,wapo,DOJ files complaint against Minn. judges for criticizing immigration surge,https://www.washingtonpost.com/national-security/2026/09/30/doj-files-complaint-against-minn-judges-criticizing-immigration-surge/
27,2026-10-01-16-22-00 +0000,wsj,Financial Services Roundup: Market Talk,https://www.wsj.com/business/financial-services-roundup-market-talk-029357af?mod=rss_markets_main
27,2026-10-01-16-26-00 +0000,wsj,Auto & Transport Roundup: Market Talk,https://www.wsj.com/business/auto-transport-roundup-market-talk-6ace118f?mod=pls_whats_news_us_business_f
27,2026-10-01-12-06-19 +0000,nyt,Britain and France Give Up Landmark Migrant Agreement,https://www.nytimes.com/2026/10/01/world/europe/uk-france-migrant-deal-cancelled.html
27,2026-10-01-10-00-00 +0000,latimes,Los Angeles County reported 69 rabid bats. What you need to know,https://www.latimes.com/california/story/2026-10-01/los-angeles-county-reported-69-rabid-bats-what-you-need-to-know
27,2026-10-01-18-22-29 +0000,bbc,Fires break out at French schools as students protest nationwide,https://www.bbc.co.uk/news/articles/c6d080d1e3l4o?at_medium=RSS&at_campaign=rss
27,2026-10-01-13-00-00 +0000,wapo,Treasury releases rules for nation’s first federal school voucher program,https://www.washingtonpost.com/education/2026/10/01/treasury-introduces-rules-nations-first-federal-school-voucher-program/
26,2026-10-01-05-47-24 +0000,nypost,Moscow threatens nuclear response over tiny fortress wedged between US allies as clash fears grow,https://nypost.com/2026/10/01/world-news/russia-threatens-nuclear-response-if-kaliningrad-is-isolated-by-nato/
26,2026-10-01-09-00-00 +0000,wapo,"These skydivers parachuted 3,000 feet to help people in a plane crash",https://www.washingtonpost.com/lifestyle/2026/10/01/these-skydivers-parachuted-3000-feet-help-people-plane-crash/
26,2026-09-30-20-08-58 +0000,latimes,Federal judge allows Paramount-Warner merger to move forward,https://www.latimes.com/entertainment-arts/business/story/2026-09-30/judge-allows-paramount-warner-merger-to-move-forward
26,2026-10-01-18-26-26 +0000,bbc,What we know about Cornell University frat house rape investigation,https://www.bbc.co.uk/news/articles/cmpq0r1ljpqwo?at_medium=RSS&at_campaign=rss
26,2026-10-01-09-53-35 +0000,nypost,"Kremlin critic, chess legend Garry Kasparov says US warned him of assassination threat",https://nypost.com/2026/10/01/world-news/garry-kasparov-kremlin-critic-and-chess-legend-says-us-warned-him-of-assassination-threat/
26,2026-10-01-10-00-01 +0000,wapo,Florida county discovers mysterious Flock cameras with no obvious owner,https://www.washingtonpost.com/nation/2026/10/01/florida-county-discovers-mysterious-flock-cameras-with-no-obvious-owner/
26,2026-09-30-22-01-16 +0000,bbc,Trekkers helicoptered off mountains as more deadly landslides hit Nepal,https://www.bbc.co.uk/news/articles/c607l4l3vn0eo?at_medium=RSS&at_campaign=rss
26,2026-10-01-18-09-03 +0000,bbc,Putin warns West that Russia is ready to use every weapon to protect Kaliningrad,https://www.bbc.co.uk/news/articles/cqg7k7v499jjo?at_medium=RSS&at_campaign=rss
26,2026-09-30-22-38-00 +0000,wsj,Tech CEOs Privately Questioned Amodei for Sounding AI Alarm Bells,https://www.wsj.com/tech/ai/tech-ceos-privately-questioned-amodei-for-sounding-ai-alarm-bells-aaa47df3?mod=pls_whats_news_us_business_f
26,2026-10-01-16-28-00 +0000,wsj,Basic Materials Roundup: Market Talk,https://www.wsj.com/business/basic-materials-roundup-market-talk-9ddb41e2?mod=pls_whats_news_us_business_f
26,2026-10-01-03-29-13 +0000,wapo,"Senate confirms Keith Sonderling, a business ally, as labor secretary",https://www.washingtonpost.com/business/2026/09/30/senate-confirms-keith-sonderling-business-ally-labor-secretary/
25,2026-10-01-11-18-33 +0000,chitri,Pandora opens $150 million Vietnam jewelry factory powered by renewable energy,https://www.chicagotribune.com/2026/10/01/pandora-vietnam-factory-renewable-energy/
25,2026-10-01-00-09-41 +0000,latimes,Santa Ana Police search for woman who appears to deliberately run over puppy in disturbing video,https://www.latimes.com/california/story/2026-09-30/santa-ana-police-search-for-woman-who-appears-to-run-over-puppy
25,2026-10-01-09-43-00 +0000,wsj,Eurozone Labor Market Continues to Defy Mounting Economic Headwinds,https://www.wsj.com/economy/jobs/eurozone-unemployment-stable-despite-headwinds-0e4c3d52?mod=rss_socialeconomyfeed
25,2026-10-01-08-10-54 +0000,nypost,US sees Chinese invasion of Taiwan unlikely next year despite 2027 timeline,https://nypost.com/2026/10/01/world-news/us-sees-chinese-invasion-of-taiwan-unlikely-next-year-despite-2027-timeline/
25,2026-10-01-17-13-35 +0000,nypost,Mortgage rates soar to 7.28% — highest level in nearly 3 years,https://nypost.com/2026/10/01/business/mortgage-rates-hit-7-28-highest-level-in-nearly-3-years/
25,2026-09-30-23-17-48 +0000,wapo,White House touts big-ticket projects in hope of swaying key races,https://www.washingtonpost.com/politics/2026/09/30/trump-touts-major-investment-projects-hoping-appeal-voters/
25,2026-10-01-14-55-00 +0000,wsj,Tennessee Halts Executions After Botched Lethal Injections,https://www.wsj.com/us-news/law/tennessee-halts-executions-after-botched-lethal-injections-a52e5b9f?mod=rss_usnews
25,2026-09-30-20-57-29 +0000,nyt,T.S.A. Agents Are Told to Get on Their Feet During Airport ID Checks,https://www.nytimes.com/2026/09/30/us/tsa-airports-standing.html
25,2026-10-01-14-05-55 +0000,bbc,Russian dissident Garry Kasparov says US warned him of danger to his life,https://www.bbc.co.uk/news/articles/c6y8z8kr5mk8o?at_medium=RSS&at_campaign=rss
24,2026-09-30-21-02-54 +0000,cbc,Pentagon confirms U.S. military will cut 20% of generals and admirals,https://www.cbc.ca/news/world/hegseth-military-cuts-admirals-generals-9.7364379?cmp=rss
24,2026-10-01-00-18-13 +0000,nypost,DOJ investigating Texas Dem group after operative suggests it’s ‘paying people’ for votes in viral video,https://nypost.com/2026/09/30/us-news/doj-investigating-texas-dem-group-after-operative-suggests-its-paying-people-for-votes-in-viral-video/
24,2026-09-30-23-09-20 +0000,nyt,"After Two Decades, U.S. Forces Leave Iraq to an Uncertain Future",https://www.nytimes.com/2026/09/30/world/middleeast/iraq-us-forces.html
24,2026-10-01-00-37-46 +0000,nyt,Man Gets Life Sentence for Strangling 15-Year-Old Girl in San Francisco in 1978,https://www.nytimes.com/2026/09/30/us/san-francisco-marissa-harvey-murder-sentencing.html
24,2026-10-01-02-00-00 +0000,wsj,U.S. Pressure Campaign Leaves Iranian Tankers Stranded in Asian Waters,https://www.wsj.com/world/asia/u-s-pressure-campaign-leaves-iranian-tankers-stranded-in-asian-waters-ba7bc23a?mod=pls_whats_news_us_business_f
24,2026-10-01-13-34-06 +0000,wapo,"What is a botched execution, and what happened in previous cases?",https://www.washingtonpost.com/nation/2026/10/01/christa-pikes-botched-execution-is-latest-several-recent-cases/
24,2026-10-01-04-56-00 +0000,wsj,Lynas Rare Earths to Buy Meteoric Resources in $672 Million Deal,https://www.wsj.com/business/lynas-rare-earths-to-buy-meteoric-resources-in-672-million-deal-2701e09b?mod=pls_whats_news_us_business_f
24,2026-10-01-07-04-27 +0000,bbc,Africa's richest man launches Kenya oil refinery despite land protests,https://www.bbc.co.uk/news/articles/cmkg8dpwy25po?at_medium=RSS&at_campaign=rss
24,2026-09-30-20-35-12 +0000,latimes,Peter Thiel buys troubled Bel-Air mega-mansion for $130 million,https://www.latimes.com/california/story/2026-09-30/peter-thiel-bel-air-mansion-130-million
23,2026-10-01-00-14-52 +0000,latimes,L.A. asks 2028 Olympics organizers to buy insurance in case disaster cancels the Games,https://www.latimes.com/california/story/2026-09-30/la-asks-28-olympics-group-to-buy-insurance-in-case-disaster-cancels-games
23,2026-10-01-00-20-51 +0000,bbc,MPs recommend BBC charter renewal is scrapped and licence fee is extended beyond TV,https://www.bbc.co.uk/news/articles/cr89j4g7v05wo?at_medium=RSS&at_campaign=rss
23,2026-10-01-01-00-00 +0000,wsj,Europe’s Luxury Carmakers Are Supersizing Their SUVs for Americans,https://www.wsj.com/business/autos/luxury-suv-america-bmw-audi-volvo-c1bfa81a?mod=pls_whats_news_us_business_f
23,2026-10-01-16-42-00 +0000,wsj,Opinion | Boulder Has No Business Making Foreign Policy,https://www.wsj.com/opinion/boulder-has-no-business-making-foreign-policy-1a731264?mod=pls_whats_news_us_business_f
23,2026-10-01-17-27-37 +0000,bbc,"UK in talks with EU partners to release strategic fuel reserves if needed, BBC understands",https://www.bbc.co.uk/news/articles/c5zjzjgdeneeo?at_medium=RSS&at_campaign=rss
23,2026-10-01-14-59-00 +0000,wsj,Accenture Stock Climbs as AI Demand Boosts Results,https://www.wsj.com/business/earnings/accenture-revenue-rises-on-growth-across-geographies-industries-d29ad725?mod=pls_whats_news_us_business_f
23,2026-10-01-12-15-00 +0000,wapo,Singapore launches government dating app as birth rate plunges,https://www.washingtonpost.com/world/2026/10/01/singapore-launches-government-dating-app-birth-rate-plunges/
23,2026-10-01-12-02-00 +0000,wsj,Dollar Extends Gains After Data Show Fall in U.S. Job Cuts,https://www.wsj.com/finance/currencies/yen-consolidates-ahead-of-boj-tankan-bojs-summary-of-opinions-b61eb3ee?mod=rss_markets_main
23,2026-10-01-13-36-14 +0000,nyt,3 Billionaires Have Largely Funded Republican Nominee for Wisconsin Governor,https://www.nytimes.com/2026/10/01/us/billionaires-republicans-wisconsin-governor.html
22,2026-09-30-20-20-31 +0000,chitri,City to launch Michigan Avenue bus lane,https://www.chicagotribune.com/2026/09/30/michigan-avenue-bus-lane-chicago/
22,2026-10-01-16-40-03 +0000,bbc,Travelodge failed sex assault victim 'at every stage',https://www.bbc.co.uk/news/articles/c93429dg425o?at_medium=RSS&at_campaign=rss
22,2026-10-01-13-13-33 +0000,bbc,Zimbabwe tycoon Wicknell Chivayo and wife killed in helicopter crash,https://www.bbc.co.uk/news/articles/cr4gvg0yenl4o?at_medium=RSS&at_campaign=rss
22,2026-10-01-17-01-00 +0000,wsj,Ukraine’s Big Backers in Europe Try to Counter War Fatigue,https://www.wsj.com/world/europe/ukraines-big-backers-in-europe-try-to-counter-war-fatigue-4c6bcef9?mod=rss_worldnews
22,2026-10-01-08-00-00 +0000,cbc,Families of Canadian mining firm workers kidnapped in Mexico plan to file RCMP complaint,https://www.cbc.ca/news/world/vizsla-rcmp-family-9.7363674?cmp=rss
22,2026-10-01-10-23-00 +0000,wsj,Here’s Why the Fed Is on Hold—Maybe for a While,https://www.wsj.com/finance/investing/heres-why-the-fed-is-on-holdmaybe-for-a-while-97456ce8?mod=rss_markets_main
21,2026-10-01-09-00-00 +0000,wapo,Bipartisan bill seeks to ban cellphones in schools nationwide,https://www.washingtonpost.com/education/2026/10/01/bipartisan-bill-seeks-ban-cellphones-schools-nationwide/
21,2026-10-01-00-35-47 +0000,cbc,UCP MLA says he’s voted in favour of Alberta holding binding referendum on independence,https://www.cbc.ca/news/canada/edmonton/ucp-mla-alberta-referendum-seperation-red-deer-jason-stephan-9.7364658?cmp=rss
21,2026-10-01-16-41-00 +0000,wsj,"Opinion | If the Fed Can’t Stay on Budget, Can It Manage the Economy?",https://www.wsj.com/opinion/if-the-fed-cant-stay-on-budget-can-it-manage-the-economy-610fd1ad?mod=rss_usnews
21,2026-10-01-08-06-28 +0000,bbc,Pakistan launches deadly air strikes on Afghanistan,https://www.bbc.co.uk/news/articles/cw4grg92lmr5o?at_medium=RSS&at_campaign=rss
21,2026-10-01-18-30-00 +0000,wapo,"GOP hold on Florida and Texas governors’ races weakens, nonpartisan analyst says",https://www.washingtonpost.com/politics/2026/10/01/gop-hold-florida-texas-governors-races-weakens-nonpartisan-analyst-says/
21,2026-10-01-14-16-33 +0000,nypost,Attackers douse teacher in gasoline as student protests rage across France,https://nypost.com/2026/10/01/world-news/attackers-douse-teacher-in-petrol-as-student-protests-rage-across-france/
21,2026-09-30-23-25-23 +0000,bbc,China has cracked down on AI relationships. Is it ahead of the game?,https://www.bbc.co.uk/news/articles/cm4gjy9lr551o?at_medium=RSS&at_campaign=rss
21,2026-10-01-12-29-00 +0000,wsj,France Is Ground Zero in the Global Bond Rout,https://www.wsj.com/finance/france-is-ground-zero-in-the-global-bond-rout-4b743eb2?mod=rss_markets_main
21,2026-09-30-21-00-00 +0000,wapo,Building big things in the U.S. is hard. A Senate deal aims to fix that.,https://www.washingtonpost.com/politics/2026/09/30/building-big-things-us-is-too-hard-senate-deal-aims-fix-that/
21,2026-10-01-17-01-41 +0000,48hills,Join us at Litquake’s free Out Loud book fair this Sunday at Yerba Buena Gardens!,https://48hills.org/2026/10/join-us-at-litquakes-free-out-loud-book-fair-this-sunday-at-yerba-buena-gardens/
21,2026-10-01-03-53-25 +0000,nyt,Hegseth Talks Tough as Republican Doubts About His Leadership Grow,https://www.nytimes.com/2026/09/30/us/politics/hegseth-leadership-republican-doubts.html
21,2026-10-01-12-16-29 +0000,bbc,"Water system a 'disaster', Green deputy leader says",https://www.bbc.co.uk/news/articles/cm9w4wyw9g9yo?at_medium=RSS&at_campaign=rss
20,2026-09-30-23-23-42 +0000,nyt,"Hundreds of Catholic Clerics Abused Children in Massachusetts, Report Says",https://www.nytimes.com/2026/09/30/us/catholic-priests-sexual-abuse-massachusetts.html
20,2026-09-30-20-28-00 +0000,wsj,Congress Wants to Bring Federal Agencies to Heel Over Energy Projects,https://www.wsj.com/politics/policy/congress-wants-to-bring-federal-agencies-to-heel-over-energy-projects-c986cb72?mod=pls_whats_news_us_business_f
20,2026-09-30-20-05-00 +0000,wsj,Grindr Agrees to Buy HIV-Prevention Telehealth Provider Freddie for $250 Million,https://www.wsj.com/business/grindr-agrees-to-buy-hiv-prevention-telehealth-provider-freddie-for-250-million-fa957bea?mod=pls_whats_news_us_business_f
20,2026-10-01-12-13-28 +0000,bbc,Kanye West's Russia shows officially cancelled after weeks of uncertainty,https://www.bbc.co.uk/news/articles/cm74k417wpjxo?at_medium=RSS&at_campaign=rss
20,2026-10-01-15-32-32 +0000,bbc,Lib Dem MPs criticise Davey over pension triple lock response,https://www.bbc.co.uk/news/articles/cmlyey1w8q78o?at_medium=RSS&at_campaign=rss
20,2026-10-01-15-28-21 +0000,nyt,"The Supreme Court’s Summer Break Vanishes, Erased by Emergencies",https://www.nytimes.com/2026/10/01/us/politics/the-docket-supreme-court-summer.html
20,2026-10-01-15-46-00 +0000,wsj,Best Business Debt Consolidation Loans in October 2026,https://www.wsj.com/buyside/personal-finance/business-loans/business-debt-consolidation-loans?mod=pls_whats_news_us_business_f
20,2026-09-30-20-58-26 +0000,nyt,Hundreds Detained in France as Some Student Protests Turn Violent,https://www.nytimes.com/2026/09/30/world/europe/france-student-protest-arrests.html
20,2026-09-30-22-41-50 +0000,nypost,Kristi Noem’s ‘saddened’ cross-dressing husband Bryon makes veiled threat after wife files for divorce,https://nypost.com/2026/09/30/us-news/kristi-noems-saddened-cross-dressing-husband-bryon-makes-veiled-threat-after-wife-files-for-divorce/
20,2026-10-01-13-20-12 +0000,bbc,Conservatives pledge 'tough love' benefit rules for under-25s,https://www.bbc.co.uk/news/articles/cklyjy9pv93yo?at_medium=RSS&at_campaign=rss
20,2026-10-01-13-49-00 +0000,wsj,Crude Oil Higher on Supply Issues,https://www.wsj.com/finance/commodities-futures/oil-prices-edge-lower-on-signs-of-rising-crude-exports-from-middle-east-40e9f1f1?mod=rss_markets_main
20,2026-10-01-00-00-00 +0000,wsj,"The Next Frontier for Obesity Drugs Isn’t How Much Weight You Lose, but What Kind",https://www.wsj.com/health/pharma/the-next-frontier-for-obesity-drugs-isnt-how-much-weight-you-lose-but-what-kind-9fbd87fe?mod=pls_whats_news_us_business_f
20,2026-10-01-15-24-37 +0000,cbc,"This is how fast Swiss glaciers, the 'water tower of Europe,' are melting away",https://www.cbc.ca/news/science/swiss-glacier-melt-9.7365054?cmp=rss
19,2026-10-01-10-36-00 +0000,wsj,Global Dealmaking Cools in Third Quarter,https://www.wsj.com/business/earnings/global-dealmaking-cools-in-third-quarter-53a43430?mod=pls_whats_news_us_business_f
19,2026-10-01-17-52-24 +0000,nypost,"Alabama mom accused of ‘extreme’ neglect after disabled daughter, 12, found dead with maggots in diaper",https://nypost.com/2026/10/01/us-news/alabama-mom-charged-after-disabled-daughter-12-found-dead-with-maggots-in-her-diaper/
19,2026-09-30-23-02-21 +0000,bbc,The AI telling farmers when to harvest,https://www.bbc.co.uk/news/articles/cgk53dkmyxko?at_medium=RSS&at_campaign=rss
19,2026-10-01-12-03-00 +0000,wsj,Keurig Dr Pepper Hires Kimberly-Clark President Torres to Helm Coffee Spinoff,https://www.wsj.com/business/keurig-dr-pepper-hires-kimberly-clark-president-torres-to-helm-coffee-spinoff-9c192bd5?mod=pls_whats_news_us_business_f
19,2026-09-30-22-14-23 +0000,nyt,"Driver Strikes 4 People Outside a Mall in British Columbia, Killing 2, Police Say",https://www.nytimes.com/2026/09/30/world/canada/british-columbia-crash-medical-emergency.html
19,2026-09-30-22-08-49 +0000,bbc,Mexico's National Guard debuts chihuahua dog recruit named 'Comando',https://www.bbc.co.uk/news/videos/cke878yzngd8o?at_medium=RSS&at_campaign=rss
19,2026-10-01-09-20-44 +0000,wapo,Democrats sound the money alarm in a key battleground,https://www.washingtonpost.com/politics/2026/10/01/democrats-sound-money-alarm-key-battleground/
18,2026-10-01-13-00-00 +0000,wsj,U.S. Jobless Claims Fall for the Fourth Straight Week,https://www.wsj.com/economy/jobs/u-s-jobless-claims-fall-for-the-fourth-straight-week-64419dbc?mod=rss_socialeconomyfeed
18,2026-10-01-05-03-00 +0000,wsj,"Arla Foods to Invest Millions to Tap Protein-Rich Dairy Demand, CEO Says",https://www.wsj.com/business/arla-foods-to-invest-millions-to-tap-protein-rich-dairy-demand-ceo-says-3e1ad1da?mod=pls_whats_news_us_business_f
18,2026-10-01-12-31-18 +0000,bbc,Watch: Why are students protesting at schools in France?,https://www.bbc.co.uk/news/videos/cwy8z8rney97o?at_medium=RSS&at_campaign=rss
18,2026-10-01-12-47-55 +0000,nyt,No More Drugstore Head Shots: Passport Applications Go Digital,https://www.nytimes.com/2026/09/30/travel/passport-photos-digital-application.html
18,2026-10-01-02-31-58 +0000,nyt,Gunman Kills 2 Co-Workers at Virginia Rental Business,https://www.nytimes.com/2026/09/30/us/virginia-workplace-shooting.html
18,2026-10-01-16-40-00 +0000,wsj,Stocks Fall as Bond Selloff Eases,https://www.wsj.com/finance/ai-stock-rally-checked-by-relentless-treasury-selloff-c434b12e?mod=rss_markets_main
18,2026-10-01-09-01-08 +0000,nyt,"With Songs by Neko Case, ‘Thelma & Louise’ Shifts Into a Musical Gear",https://www.nytimes.com/2026/10/01/theater/thelma-louise-musical-london-neko-case.html
18,2026-09-30-21-03-59 +0000,nypost,Sydney Sweeney’s racy ads help sports betting platform quadruple valuation to $2B,https://nypost.com/2026/09/30/business/sydney-sweeneys-racy-ads-help-sports-betting-platform-quadruple-valuation-to-2b/
18,2026-09-30-21-23-46 +0000,nyt,"Morocco’s King Names a Female Prime Minister, in a Historic First",https://www.nytimes.com/2026/09/29/world/middleeast/morocco-first-woman-prime-minister.html
18,2026-10-01-14-31-50 +0000,bbc,"Tories committed to pension triple lock, deputy leader says",https://www.bbc.co.uk/news/articles/c6wyzypvl4l1o?at_medium=RSS&at_campaign=rss
18,2026-10-01-14-39-10 +0000,nypost,Depraved teacher learns fate for sexually abusing boy she tied to marital bed — and called husband’s name,https://nypost.com/2026/10/01/world-news/depraved-teacher-learns-fate-for-sexually-abusing-boy-10-she-tied-to-marital-bed/
18,2026-10-01-16-58-33 +0000,nypost,NYS is holding $21B that belongs to you — now one candidate wants to make it easier to claim it,https://nypost.com/2026/10/01/us-news/nys-is-holding-21b-that-belongs-to-you-now-one-candidate-wants-to-make-it-easier-to-claim-it/
18,2026-09-30-23-07-15 +0000,chitri,White Sox ride improbable playoff run and a papal promotion to marketing success,https://www.chicagotribune.com/2026/09/30/white-sox-wild-card-marketing/
18,2026-10-01-14-21-00 +0000,wsj,Best Small-Business Loans in October 2026,https://www.wsj.com/buyside/personal-finance/business-loans/best-small-business-loans?mod=pls_whats_news_us_business_f
18,2026-10-01-16-12-12 +0000,bbc,'We must keep going' says charity hit by fuel prices,https://www.bbc.co.uk/news/articles/cw1l6lq41gm6o?at_medium=RSS&at_campaign=rss
18,2026-10-01-13-13-00 +0000,wsj,10 of the Best Financial Advisor Companies: Well-Known Fiduciary Investment Firms to Consider,https://www.wsj.com/buyside/personal-finance/financial-advisors/best-financial-advisors?mod=rss_markets_main
17,2026-10-01-15-15-08 +0000,nyt,U.C.L.A. Says Justice Department is ‘Weaponizing’ Civil Rights Laws,https://www.nytimes.com/2026/10/01/us/ucla-justice-department-antisemitism-lawsuit.html
17,2026-10-01-17-35-20 +0000,nyt,"US Sanctions A7, a Russia Firm That Helps Sidestep Economic Restrictions",https://www.nytimes.com/2026/10/01/business/a7-russia-us-sanctions.html
17,2026-10-01-09-54-14 +0000,nyt,Hong Kong Journalist Arrested After Covering Gathering Linked to 2019 Protests,https://www.nytimes.com/2026/10/01/world/asia/hong-kong-arrest-journalist-activist.html
17,2026-10-01-07-57-07 +0000,bbc,'We're still cold paying £300 a month energy bills',https://www.bbc.co.uk/news/videos/cw1mvdd349v1o?at_medium=RSS&at_campaign=rss
17,2026-10-01-08-51-02 +0000,nypost,Rubio orders visiting Iranian UN delegation to leave NYC ahead of schedule,https://nypost.com/2026/10/01/world-news/rubio-orders-visiting-iranian-un-delegation-to-leave-nyc-ahead-of-schedule/
17,2026-10-01-09-30-00 +0000,wsj,A Cancer Test Has Investors Betting Big. But Will Insurers Pay?,https://www.wsj.com/health/healthcare/a-cancer-test-has-investors-betting-big-but-will-insurers-pay-75d3bc60?mod=rss_markets_main
17,2026-10-01-18-32-00 +0000,wsj,Barbie-Maker Mattel Draws Takeover Interest From Authentic Brands Group,https://www.wsj.com/business/retail/barbie-maker-mattel-draws-takeover-interest-from-authentic-brands-group-21270470?mod=pls_whats_news_us_business_f
17,2026-10-01-16-35-30 +0000,nyt,American University of Afghanistan at Risk of Closure Amid Funding Cuts,https://www.nytimes.com/2026/10/01/world/asia/american-university-kabul-usaid.html
17,2026-09-30-21-46-00 +0000,wsj,Opinion | The End of the Fed Building Fiasco,https://www.wsj.com/opinion/federal-reserve-building-inspector-general-report-jerome-powell-kevin-warsh-a97cd3a2?mod=rss_usnews
16,2026-10-01-01-20-13 +0000,nyt,"Newsom, Eager for a Higher Perch, Climbs the Golden Gate Bridge",https://www.nytimes.com/2026/09/30/us/newsom-golden-gate-bridge.html
16,2026-10-01-04-00-00 +0000,missionlocal,Wings edge Valkyries in OT thriller — winner takes all in S.F. on Friday,https://missionlocal.org/2026/09/live-updates-valkyries-playoffs-dallas/
16,2026-10-01-11-00-00 +0000,startribune,Prince’s childhood bestie reclaims his role in creating Minneapolis Sound,https://www.startribune.com/andre-cymone-prince-minneapolis-sound-joni-mitchell-jody-watley-morris-day/601895090
16,2026-10-01-17-20-42 +0000,nypost,Toddler vomited blue-green bile and nearly died after consuming controversial drink,https://nypost.com/2026/10/01/health/toddler-vomitted-blue-green-bile-nearly-died-from-controversial-drink/
16,2026-10-01-14-31-03 +0000,bbc,Russia targets busy bridge in central Kyiv,https://www.bbc.co.uk/news/articles/cmn8e8344v5qo?at_medium=RSS&at_campaign=rss
16,2026-10-01-02-57-43 +0000,bbc,Japan raises permanent residency fee by 20 times,https://www.bbc.co.uk/news/articles/c6y8z8xeg8j1o?at_medium=RSS&at_campaign=rss
16,2026-10-01-17-38-27 +0000,nypost,Harry Styles look-alikes compete for MSG tix in vibes-heavy doppelgänger contest,https://nypost.com/2026/10/01/us-news/harry-styles-fans-compete-in-nyc-look-alike-contest/
16,2026-09-30-20-12-45 +0000,nyt,Justice Dept. Tries to Rebuke Federal Judges for Speaking to The Times,https://www.nytimes.com/2026/09/30/us/politics/justice-department-complaint-judges-schiltz.html
16,2026-10-01-05-24-10 +0000,bbc,K-pop star convicted of violating military service law,https://www.bbc.co.uk/news/articles/cjn5d52d3lk5o?at_medium=RSS&at_campaign=rss
16,2026-10-01-16-31-35 +0000,bbc,Algeria introduces death penalty for arsonists after deadly wildfires,https://www.bbc.co.uk/news/articles/cmge4exg44v5o?at_medium=RSS&at_campaign=rss
16,2026-10-01-10-08-58 +0000,bbc,"Pension tops £16,000 a year after 4.7% increase",https://www.bbc.co.uk/news/articles/crd686gw2lgjo?at_medium=RSS&at_campaign=rss
16,2026-09-30-22-28-00 +0000,wsj,"Micron Profit, Revenue Surge as Memory Crunch Looks to Last Through 2028",https://www.wsj.com/business/earnings/micron-profit-revenue-surge-on-memory-demand-562034e6?mod=pls_whats_news_us_business_f
16,2026-09-30-20-20-30 +0000,latimes,"A camper is responsible for deadly Yosemite National Park blaze, officials say",https://www.latimes.com/california/story/2026-09-30/camper-is-responsible-for-deadly-yosemite-national-park-blaze-officials-say
15,2026-10-01-18-33-15 +0000,nyt,Nigerian Charged With Running Fake Government Agency,https://www.nytimes.com/2026/10/01/world/africa/nigeria-fake-government-agency.html
15,2026-10-01-16-58-40 +0000,nyt,"Swiss Glaciers Vanished by Nearly a Fifth in Recent Years, Scientists Say",https://www.nytimes.com/2026/10/01/world/europe/switzerland-glaciers-melting-climate.html
15,2026-09-30-23-41-34 +0000,bbc,"Inside India's forest villages, where a dangerous mix of crises led to 32 child deaths",https://www.bbc.co.uk/news/articles/cmn9wr84v1qno?at_medium=RSS&at_campaign=rss
15,2026-10-01-11-00-00 +0000,startribune,Why General Mills is betting an insider can lead a turnaround,https://www.startribune.com/why-general-mills-is-betting-an-insider-can-lead-a-turnaround/601895807
15,2026-09-30-21-34-00 +0000,wsj,WSJ Dollar Index Falls 0.50% This Quarter to 97.04,https://www.wsj.com/finance/currencies/asian-currencies-consolidate-but-may-be-aided-by-reduced-fed-rate-hike-bets-0a3f4e49?mod=rss_markets_main
15,2026-10-01-17-55-00 +0000,wsj,Opinion | Jamie Dimon’s Third Pillar Matters the Most,https://www.wsj.com/opinion/jamie-dimons-third-pillar-matters-the-most-a6a8e866?mod=rss_usnews
15,2026-10-01-16-05-13 +0000,nyt,A Flashy Zimbabwean Tycoon Who Befriended Presidents Dies in Crash,https://www.nytimes.com/2026/10/01/world/africa/zimbabwe-wicknell-chivayo-helicopter-crash.html
15,2026-10-01-15-52-00 +0000,wsj,EIA Reports 64-bcf Injection in Natural Gas Storage,https://www.wsj.com/finance/commodities-futures/natural-gas-lower-as-trading-centers-around-3-mmbtu-fa80eca4?mod=rss_markets_main
15,2026-10-01-09-54-00 +0000,wsj,This Datapoint Could Explain Soaring Bond Yields,https://www.wsj.com/finance/investing/this-datapoint-could-explain-soaring-bond-yields-d8ec5be0?mod=rss_markets_main
15,2026-10-01-14-32-16 +0000,nyt,Federal Watchdog Investigates Adam Kinzinger for Kalshi Bets on His Pardon,https://www.nytimes.com/2026/10/01/us/politics/cftc-investigating-kinzinger-pardon-bet.html
15,2026-10-01-17-12-00 +0000,wsj,Temasek-Backed Vertex Japan Invests in Digital Trading Cards Startup Heartbeats,https://www.wsj.com/pro/venture-capital/temasek-backed-vertex-japan-invests-in-digital-trading-cards-startup-heartbeats-eaa714d2?mod=pls_whats_news_us_business_f
15,2026-10-01-15-59-44 +0000,nyt,Finnish Lawmakers Report Suspicious Home Break-Ins,https://www.nytimes.com/2026/10/01/world/europe/finland-lawmakers-break-ins.html
14,2026-10-01-11-49-17 +0000,startribune,Where to watch the Twin Cities Marathon — and grab brunch along the way,https://www.startribune.com/where-to-watch-the-twin-cities-marathon-and-grab-brunch-along-the-way/601892239
14,2026-10-01-17-45-00 +0000,wapo,Doctors Without Borders employee working on Ebola response tests positive for virus,https://www.washingtonpost.com/world/2026/10/01/doctors-without-borders-employee-working-ebola-response-tests-positive-virus/
14,2026-10-01-14-41-13 +0000,nyt,"Japan Raises Residency Fees 2,000 Percent Amid ‘Anxiety’ Over Foreigners",https://www.nytimes.com/2026/10/01/world/asia/japan-raises-residency-fees-2000-percent-amid-anxiety-over-foreigners.html
14,2026-10-01-09-00-00 +0000,wapo,Lost in daydreams? Enraged by chewing sounds? Psychiatry is taking a closer look.,https://www.washingtonpost.com/health/2026/10/01/is-it-your-personality-or-psychological-disorder-tiktok-has-answers/
14,2026-09-30-22-03-43 +0000,nyt,Federal Judge Orders Bureau of Prisons to Restore Union Protections,https://www.nytimes.com/2026/09/30/us/politics/bureau-prisons-union-contract.html
14,2026-10-01-14-54-24 +0000,bbc,"I'm unaware of bin strike latest, says Greens deputy",https://www.bbc.co.uk/news/videos/c6wyzy55e78vo?at_medium=RSS&at_campaign=rss
14,2026-10-01-15-01-12 +0000,startribune,Blue Cross and other insurers eliminate Medicare plans for 320K Minnesotans,https://www.startribune.com/blue-cross-medica-unitedhealthcare-healthpartners-medicare-advantage-rates-2027/601893967
14,2026-10-01-18-45-51 +0000,wapo,Rapper Rick Ross arrested in Miami Beach on domestic violence charges,https://www.washingtonpost.com/nation/2026/10/01/rapper-rick-ross-arrested-miami-beach-domestic-violence-charges/
14,2026-10-01-12-50-00 +0000,wsj,BOE’s Mann Backs Rate Rise to Tame Inflation,https://www.wsj.com/world/uk/boes-mann-backs-rate-rise-to-tame-inflation-b645ae0d?mod=rss_worldnews
13,2026-10-01-07-07-08 +0000,bbc,"Employers should teach primary-age children about work, says Milburn",https://www.bbc.co.uk/news/articles/cr2kwlw0p3v9o?at_medium=RSS&at_campaign=rss
13,2026-09-30-21-05-14 +0000,nyt,Condé Nast C.E.O. Leaves to Run Mattel,https://www.nytimes.com/2026/09/30/business/media/conde-nast-roger-lynch-steps-down.html
13,2026-10-01-17-24-41 +0000,nyt,Egypt Arrests 6 Matsaddash Journalists on Claims of Spreading Disinformation,https://www.nytimes.com/2026/10/01/world/middleeast/egypt-journalist-arrests.html
13,2026-10-01-13-23-00 +0000,wsj,"Move Over, Storytellers: The Marketing Engineers Are Here",https://www.wsj.com/cmo-today/move-over-storytellers-the-marketing-engineers-are-here-94aacda1?mod=pls_whats_news_us_business_f
13,2026-10-01-14-28-36 +0000,missionlocal,"What’s on now at San Francisco museums, October 2026",https://missionlocal.org/2026/10/whats-on-now-at-san-francisco-museums-october-2026/
13,2026-10-01-11-09-00 +0000,wsj,"Supplier Issue Paused Ford F-150 Production, Hitting Wholesale Deliveries",https://www.wsj.com/logistics-report/supplier-issue-paused-ford-f-150-production-hitting-wholesale-deliveries-ab027b01?mod=pls_whats_news_us_business_f
13,2026-10-01-11-55-56 +0000,nyt,Inside Binance Founder Changpeng Zhao’s Life After Prison,https://www.nytimes.com/2026/10/01/business/changpeng-zhao-binance.html
13,2026-10-01-17-50-46 +0000,nypost,Teen faces sentencing after pleading guilty to trying sex act with Shetland pony,https://nypost.com/2026/10/01/world-news/teenager-faces-jail-after-pleading-guilty-to-attempting-sexual-act-with-shetland-pony/
13,2026-10-01-11-00-00 +0000,missionlocal,See how they run: DJ Brookter’s fundraiser brings ‘spoonfuls of support’,https://missionlocal.org/2026/10/see-how-they-run-dj-brookters-fundraiser-brings-spoonfuls-of-support/
12,2026-09-30-23-10-19 +0000,bbc,Tiny image sparks big backlash in Nikon photo contest,https://www.bbc.co.uk/news/articles/ck4gjn1yzprno?at_medium=RSS&at_campaign=rss
12,2026-10-01-04-11-00 +0000,wsj,Apple’s Biggest Battleground for Foldable Phones Is China,https://www.wsj.com/business/telecom/apples-biggest-battleground-for-foldable-phones-is-china-a15b9663?mod=pls_whats_news_us_business_f
12,2026-10-01-17-54-00 +0000,wsj,Opinion | The Recusal Decision Belongs to Justice Alito,https://www.wsj.com/opinion/the-recusal-decision-belongs-to-justice-alito-70515fa8?mod=rss_usnews
12,2026-10-01-02-00-00 +0000,wsj,U.K. Prime Minister Burnham Pitches an Unapologetically Socialist Makeover,https://www.wsj.com/world/uk/u-k-prime-minister-burnham-pitches-an-unapologetically-socialist-makeover-2ad7f602?mod=rss_worldnews
12,2026-10-01-08-00-00 +0000,cbc,Is this Quebec riding encroaching on Newfoundland and Labrador? Depends who you ask,https://www.cbc.ca/news/canada/montreal/quebec-election-duplessis-riding-1927-labrador-border-dispute-9.7364136?cmp=rss
12,2026-09-30-20-07-00 +0000,wsj,Opinion | Ukraine’s Stealthy Drone Warriors,https://www.wsj.com/opinion/ukraines-stealthy-drone-warriors-f5d4fa38?mod=rss_worldnews
12,2026-09-30-21-18-00 +0000,wsj,Opinion | Gross Output Signals an Economic Surge,https://www.wsj.com/opinion/gross-output-signals-an-economic-surge-ee8e462e?mod=pls_whats_news_us_business_f
11,2026-09-30-20-24-00 +0000,wsj,‘Shop Different’ Review: The Genius of Retail,https://www.wsj.com/business/retail/shop-different-review-the-genius-of-retail-e66f192b?mod=pls_whats_news_us_business_f
11,2026-10-01-16-00-00 +0000,wsj,Boeing’s Engineers Hold Leverage in Contract Showdown,https://www.wsj.com/business/airlines/boeings-engineers-hold-leverage-in-contract-showdown-0de44742?mod=pls_whats_news_us_business_f
11,2026-10-01-18-29-53 +0000,nyt,Former Dallas Officer Who Killed Neighbor in His Home Is Granted Parole,https://www.nytimes.com/2026/10/01/us/amber-guyger-parole-botham-jean.html
11,2026-10-01-18-40-18 +0000,nyt,Here’s the latest.,https://www.nytimes.com/live/2026/10/01/us/christa-pike-tennessee-execution/heres-the-latest
11,2026-10-01-12-23-31 +0000,48hills,"Portola 2026 review: The pops, the flops, the drops",https://48hills.org/2026/10/portola-2026-review-the-pops-the-flops-the-drops/
11,2026-10-01-12-50-00 +0000,wsj,UBS Shareholder Calls for Bank to Leave Switzerland,https://www.wsj.com/finance/banking/ubs-shareholder-calls-for-bank-to-leave-switzerland-9eae7536?mod=rss_markets_main
11,2026-09-30-22-16-00 +0000,wsj,How Arc’teryx Turned Climbing Gear Into a Luxury Status Symbol,https://www.wsj.com/business/retail/how-arcteryx-turned-climbing-gear-into-a-luxury-status-symbol-e8bab768?mod=pls_whats_news_us_business_f
11,2026-10-01-15-05-36 +0000,bbc,Explosions heard in Ethiopia's capital after drone flights banned,https://www.bbc.co.uk/news/articles/c3vgygpqky9zo?at_medium=RSS&at_campaign=rss
10,2026-09-30-19-59-44 +0000,wapo,U.K. accuses China of operating institute as front for espionage,https://www.washingtonpost.com/world/2026/09/30/uk-accuses-china-operating-institute-front-espionage/
10,2026-09-30-21-18-56 +0000,nyt,Google Wants Hollywood to Stop Being So Afraid of Technology,https://www.nytimes.com/2026/09/30/business/media/google-hollywood-krya-sedgwick.html
10,2026-10-01-17-24-15 +0000,nyt,The Boeing 737 Max 8 stayed intact despite the enormous stress of its plunge.,https://www.nytimes.com/live/2026/10/01/world/flydubai-flight-israel-plane-pilots/the-boeing-737-max-8-stayed-intact-despite-the-enormous-stress-of-its-plunge
10,2026-10-01-13-30-00 +0000,wsj,America’s Copper Hoard Stokes Fear of a Supply Crunch,https://www.wsj.com/finance/commodities-futures/americas-copper-hoard-stokes-fear-of-a-supply-crunch-0097b560?mod=rss_markets_main
10,2026-10-01-18-09-16 +0000,bbc,"Thames Water apologises after £145,000 customer billing mistake",https://www.bbc.co.uk/news/articles/ck24j46424veo?at_medium=RSS&at_campaign=rss
10,2026-09-30-21-49-00 +0000,wsj,Opinion | Passengers Defeat a Would-Be Hijacker,https://www.wsj.com/opinion/flydubai-tel-aviv-flight-hijacking-israel-u-a-e-8b7420b7?mod=pls_whats_news_us_business_f
9,2026-09-30-23-09-48 +0000,nyt,Troy Jackson Apologizes for Generalizing Jewish Mainers’ Views on Gaza,https://www.nytimes.com/2026/09/30/us/troy-jackson-maine-senate-jews-gaza.html
9,2026-10-01-09-52-00 +0000,wsj,Hong Kong Equities Seen at Attractive Valuations,https://www.wsj.com/finance/stocks/nikkei-rises-1-0-led-by-chip-stocks-bdac1d0a?mod=rss_markets_main
9,2026-10-01-16-47-00 +0000,wsj,When Asking for a Donation at Checkout Can Backfire,https://www.wsj.com/finance/investing/donation-pressure-at-checkout-backfire-80b893e3?mod=pls_whats_news_us_business_f
9,2026-10-01-15-28-18 +0000,bbc,Is it time to ditch premium bonds?,https://www.bbc.co.uk/news/videos/cmy5z5qx19pwo?at_medium=RSS&at_campaign=rss
9,2026-10-01-17-10-10 +0000,nyt,"Take a Historic Stroll Down Oxford Street, London’s Shopping Artery",https://www.nytimes.com/2026/10/01/world/europe/oxford-street-history-photos.html
9,2026-10-01-14-30-00 +0000,startribune,What the big Medicare Advantage shakeup means for Minnesota seniors,https://www.startribune.com/what-the-big-medicare-advantage-shakeup-means-for-minnesota-seniors/601893969
9,2026-10-01-16-32-17 +0000,bbc,SpaceX launches crew to ISS,https://www.bbc.co.uk/news/videos/c5rm9mdperemo?at_medium=RSS&at_campaign=rss
9,2026-10-01-16-14-50 +0000,nyt,Swedish Company Uses A.I. Likeness of Greta Garbo in Ad,https://www.nytimes.com/2026/10/01/world/europe/ai-garbo-ad-sweden-skf.html
8,2026-09-30-22-12-50 +0000,nyt,"While Surging to Records, Stocks Experience Some ‘Wobbles’",https://www.nytimes.com/2026/09/30/business/stocks-sp500-oil-bonds.html
8,2026-10-01-17-50-00 +0000,wsj,Opinion | Cleaner Cars Are the Future,https://www.wsj.com/opinion/cleaner-cars-are-the-future-b1ff0b5d?mod=pls_whats_news_us_business_f
7,2026-10-01-14-15-00 +0000,wsj,Canada Manufacturing Grows More Modestly in September,https://www.wsj.com/economy/canada-manufacturing-grows-more-modestly-in-september-093ef028?mod=rss_socialeconomyfeed
7,2026-10-01-04-02-19 +0000,48hills,Drama Masks: A queen who brings chills—and a carry-on,https://48hills.org/2026/09/drama-masks-stay-north-young-queen/
7,2026-10-01-13-42-00 +0000,wsj,McCormick Is Working to Win Over Value-Conscious Shoppers,https://www.wsj.com/business/retail/mccormick-posts-lower-profit-on-higher-sales-edb1b56d?mod=pls_whats_news_us_business_f
6,2026-10-01-04-33-45 +0000,48hills,The mayor’s Big Lie on Prop. D,https://48hills.org/2026/09/the-mayors-big-lie-on-prop-d/
6,2026-10-01-13-00-00 +0000,missionlocal,Hombre caído,https://missionlocal.org/2026/10/hombre-caido/
5,2026-10-01-10-00-47 +0000,chitri,Loop 2-bedroom home with Italian Snaidero cabinetry: $1.6M,https://www.chicagotribune.com/2026/10/01/loop-snaidero-cabinetry/
5,2026-10-01-06-24-27 +0000,bbc,Dangote: 'Nobody can make Africa great but us',https://www.bbc.co.uk/news/videos/c893v3l7l1p0o?at_medium=RSS&at_campaign=rss
4,2026-10-01-09-36-13 +0000,bbc,Jordan 'Last Dance' jersey sells for £9m,https://www.bbc.co.uk/sport/basketball/articles/cx5yly6p2nyvo?at_medium=RSS&at_campaign=rss
3,2026-10-01-09-43-37 +0000,bbc,'Why does it have to be OAPs versus young people?',https://www.bbc.co.uk/news/videos/cmx2z23znn0do?at_medium=RSS&at_campaign=rss
3,2026-10-01-04-28-51 +0000,nyt,The U.S. Departs Iraq,https://www.nytimes.com/2026/09/30/world/iraq-war-us-pilot-israel-flight.html
3,2026-09-30-21-51-00 +0000,wsj,Opinion | The U.S. Economy Is Accelerating,https://www.wsj.com/opinion/u-s-economy-gdp-commerce-upward-revision-aee8692e?mod=rss_usnews
2,2026-10-01-11-30-00 +0000,bbc,The Bottom Line,https://www.bbc.co.uk/sounds/play/m00325cs?at_medium=RSS&at_campaign=rss
