score,pubdate,source,title,link
199,2026-10-01-10-00-00 +0000,latimes,Your guide to the California Congressional District 48 race: Von Wilpert vs. Desmond,https://www.latimes.com/california/story/2026-10-01/2026-california-election-congressional-district-48-san-diego-riverside-county-von-wilpert-desmond-voter-guide
199,2026-10-01-10-00-00 +0000,latimes,Your guide to the California Congressional District 47 race: Min vs. Le Roux,https://www.latimes.com/california/story/2026-10-01/2026-california-election-congressional-district-47-orange-county-min-leroux-voter-guide
199,2026-10-01-10-00-00 +0000,latimes,Your guide to the California Congressional District 40 race: Kim vs. Calvert,https://www.latimes.com/california/story/2026-10-01/2026-california-election-congressional-district-40-orange-county-inland-empire-kim-calvert-voter-guide
198,2026-10-01-10-00-00 +0000,latimes,Your guide to the California Congressional District 45 race: Tran vs. Vo,https://www.latimes.com/california/story/2026-10-01/2026-california-election-congressional-district-45-orange-county-tran-vo-voter-guide
198,2026-10-01-10-00-00 +0000,latimes,Your guide to the California Congressional District 26 race: Irwin vs. Gallucci,https://www.latimes.com/california/story/2026-10-01/2026-california-election-congressional-district-26-irwin-gallucci-voter-guide
198,2026-10-01-10-00-00 +0000,latimes,Your guide to the California Congressional District 27 race: Whitesides vs. Gibbs,https://www.latimes.com/california/story/2026-10-01/2026-california-election-congressional-district-27-santa-clarita-antelope-valley-whitesides-gibbs-voter-guide
190,2026-10-01-10-00-00 +0000,latimes,Your guide to the California attorney general race: Bonta vs. Gates,https://www.latimes.com/california/story/2026-10-01/2026-california-election-attorney-general-bonta-gates-voter-guide
188,2026-10-01-10-00-00 +0000,latimes,Your guide to the California lieutenant governor race: Ma vs. Romero,https://www.latimes.com/california/story/2026-10-01/2026-california-election-lieutenant-governor-ma-romero-voter-guide
184,2026-10-01-10-00-00 +0000,latimes,Your guide to the California state schools superintendent race: Barrera vs. Shaw,https://www.latimes.com/california/story/2026-10-01/2026-california-election-state-superintendent-public-instruction-shaw-barrera-voter-guide
183,2026-10-01-10-00-00 +0000,latimes,Your guide to the L.A. City Council District 3 race: Gaspar vs. Worth Girvan,https://www.latimes.com/california/story/2026-10-01/2026-california-election-los-angeles-city-council-district-3-gaspar-worth-girvan-voter-guide
181,2026-10-01-10-00-00 +0000,latimes,Your guide to the L.A. City Council District 9 race: Ugarte vs. Mazariegos,https://www.latimes.com/california/story/2026-10-01/2026-california-election-los-angeles-city-council-district-9-ugarte-mazariegos-voter-guide
180,2026-10-01-10-00-00 +0000,latimes,Your guide to the California insurance commissioner race: Allen vs. Kim,https://www.latimes.com/california/story/2026-10-01/2026-california-election-insurance-commissioner-allen-kim-voter-guide
180,2026-10-01-10-00-00 +0000,latimes,Your guide to the California controller race: Incumbent Cohen vs. challenger Morgan,https://www.latimes.com/california/story/2026-10-01/2026-california-election-controller-cohen-morgan-voter-guide
179,2026-10-01-10-00-00 +0000,latimes,Your guide to the California secretary of state race: Weber vs. Wagner,https://www.latimes.com/california/story/2026-10-01/2026-california-election-secretary-of-state-weber-wagner-voter-guide
178,2026-10-01-10-00-00 +0000,latimes,Your guide to the California treasurer race: Kounalakis vs. Hawks,https://www.latimes.com/california/story/2026-10-01/2026-california-election-treasurer-kounalakis-hawks-voter-guide
165,2026-10-01-10-00-00 +0000,latimes,Your guide to the L.A. city attorney's race: McKinney vs. Roy,https://www.latimes.com/california/story/2026-10-01/2026-california-election-los-angeles-city-attorney-mckinney-roy-voter-guide
161,2026-10-01-10-00-00 +0000,latimes,"Your guide to L.A. City Charter Amendment EE: City Council meetings, ethics and elections",https://www.latimes.com/california/story/2026-10-01/2026-california-election-los-angeles-city-amendment-ee-voter-guide
160,2026-10-01-10-00-00 +0000,latimes,Your guide to Proposition 40: California's billionaire tax proposal,https://www.latimes.com/california/story/2026-10-01/2026-california-election-proposition-40-billionaire-tax-voter-guide
158,2026-10-01-10-00-00 +0000,latimes,Your guide to Proposition 4: Allowing public campaign financing in California,https://www.latimes.com/california/story/2026-10-01/2026-california-election-proposition-4-public-campaign-financing-voter-guide
157,2026-10-01-10-00-00 +0000,latimes,Your guide to the L.A. County Superior Court judge elections: Every competitive race,https://www.latimes.com/california/story/2026-10-01/2026-california-election-los-angeles-county-superior-court-judge-voter-guide
154,2026-10-01-10-00-00 +0000,latimes,Your guide to Proposition 5: Big changes to recall elections in California,https://www.latimes.com/california/story/2026-10-01/2026-california-election-proposition-5-recall-changes-voter-guide
153,2026-10-01-10-00-00 +0000,latimes,Your guide to the race for L.A. mayor: Bass vs. Raman,https://www.latimes.com/california/story/2026-10-01/2026-california-election-los-angeles-mayor-karen-bass-nithya-raman-voter-guide
152,2026-10-01-10-00-00 +0000,latimes,Your guide to the Los Angeles Community College Board of Trustees Seat 4 race,https://www.latimes.com/california/story/2026-10-01/2026-california-election-los-angeles-community-college-board-of-trustees-seat-4-voter-guide
152,2026-10-01-10-00-00 +0000,latimes,Your guide to the Los Angeles Community College Board of Trustees Seat 2 race,https://www.latimes.com/california/story/2026-10-01/2026-california-election-los-angeles-community-college-board-of-trustees-seat-2-voter-guide
152,2026-10-01-10-00-00 +0000,latimes,Your guide to the Los Angeles Community College Board of Trustees Seat 6 race,https://www.latimes.com/california/story/2026-10-01/2026-california-election-los-angeles-community-college-board-of-trustees-seat-6-voter-guide
150,2026-10-01-10-00-00 +0000,latimes,Your guide to L.A. City Charter Amendment SC: Board of education campaign finance rules,https://www.latimes.com/california/story/2026-10-01/2026-california-election-los-angeles-city-charter-amendment-sc-voter-guide
142,2026-10-01-10-00-00 +0000,latimes,Your guide to Proposition 41: Special tax audit proposal could block billionaire tax,https://www.latimes.com/california/story/2026-10-01/2026-california-election-proposition-41-tax-audit-voter-guide
141,2026-10-01-03-49-33 +0000,latimes,"Gas prices, AI data centers and Trump's long shadow: Top takeaways from the governor's race debate",https://www.latimes.com/california/story/2026-09-30/hilton-becerra-governors-race-debate-gas-data-centers-trump
140,2026-10-01-10-00-00 +0000,latimes,Your guide to the L.A. County sheriff's race: A rematch between Luna and Villanueva,https://www.latimes.com/california/story/2026-10-01/2026-california-election-los-angeles-county-sheriff-race-luna-villanueva-voter-guide
140,2026-10-01-10-00-00 +0000,latimes,Your guide to L.A. City Charter Amendment PL: Streamlining Planning Department processes,https://www.latimes.com/california/story/2026-10-01/2026-california-election-los-angeles-city-charter-amendment-pl-voter-guide
140,2026-10-01-10-00-00 +0000,latimes,"Your guide to L.A. City Charter Amendment PRT: Greater public insight into airport, harbor departments",https://www.latimes.com/california/story/2026-10-01/2026-california-los-angeles-city-election-charter-amendment-prt-voter-guide
139,2026-10-01-10-00-00 +0000,latimes,Your guide to Proposition 3: Making a high-income tax extension permanent,https://www.latimes.com/california/story/2026-10-01/2026-california-election-proposition-3-high-income-tax-voter-guide
138,2026-10-01-10-00-00 +0000,latimes,Your guide to L.A. City Measure FD: Hiking Fire Department sales tax,https://www.latimes.com/california/story/2026-10-01/2026-california-election-los-angeles-measure-fd-sales-tax-hike-fire-department-voter-guide
137,2026-10-01-10-00-00 +0000,latimes,Your guide to L.A. City Charter Amendment LA: Restructuring public works administration,https://www.latimes.com/california/story/2026-10-01/2026-california-election-los-angeles-city-charter-amendment-la-voter-guide
134,2026-10-01-10-00-00 +0000,latimes,Your guide to L.A. City Charter Amendment PRK: More money for parks,https://www.latimes.com/california/story/2026-10-01/2026-election-los-angeles-city-charter-amendment-prk-voter-guide
130,2026-10-01-21-36-00 +0000,wsj,"Mortgage rates posted their largest increase in four years this week, the U.A.E is investigating whether the cockpit stabbing on a FlyDubai flight was a terror plot and Americans are rediscovering small cars. Read more in today’s What’s News newsletter:",https://www.wsj.com/politics/policy/mortgage-rates-surge-wrecking-the-home-buyer-playbook-45777f8b?mod=rss_socialpoliticsfeed
129,2026-10-01-10-00-00 +0000,latimes,Your guide to Proposition 1: Borrowing money for low-income and veteran housing,https://www.latimes.com/california/story/2026-10-01/2026-california-election-proposition-1-affordable-housing-voter-guide
129,2026-10-01-10-00-00 +0000,latimes,"Your guide to Proposition 2: Lets leaders fatten 'rainy day' fund, reduces likelihood of taxpayer rebates",https://www.latimes.com/california/story/2026-10-01/2026-california-election-proposition-2-rainy-day-fund-voter-guide
129,2026-10-01-10-00-00 +0000,latimes,"Your guide to Proposition 42: Tax ban on retirement, personal savings",https://www.latimes.com/california/story/2026-10-01/2026-california-election-proposition-42-tax-ban-retirement-savings-voter-guide
127,2026-10-01-10-00-00 +0000,latimes,Your guide to Proposition TE: Exempting fire victims from the 'mansion tax',https://www.latimes.com/california/story/2026-10-01/2026-california-election-los-angeles-proposition-te-mansion-tax-exemption-voter-guide
125,2026-10-01-11-19-09 +0000,chitri,"Most Americans blame Donald Trump for high prices as midterms approach, a new AP-NORC poll finds",https://www.chicagotribune.com/2026/10/01/donald-trump-economy-ap-norc-poll/
124,2026-10-01-10-00-00 +0000,latimes,Your guide to Proposition 37: Loans for middle-income homeowners,https://www.latimes.com/california/story/2026-10-01/2026-california-election-proposition-37-loans-middle-class-homeowners-voter-guide
122,2026-10-02-01-46-23 +0000,chitri,President Trump says Iran will be hit ‘very hard’ if it is behind copilot who tried to crash flight to Israel,https://www.chicagotribune.com/2026/10/01/trump-iran-threats-attempted-plane-crash/
122,2026-10-01-10-00-00 +0000,latimes,Your guide to Proposition 45: Faster CEQA review for housing and infrastructure,https://www.latimes.com/california/story/2026-10-01/2026-california-election-proposition-45-ceqa-housing-data-center-voter-guide
121,2026-10-01-10-00-00 +0000,latimes,Your guide to L.A. County Charter Amendment A: Binding arbitration,https://www.latimes.com/california/story/2026-10-01/2026-california-election-los-angeles-county-charter-amendment-a-voter-guide
121,2026-10-01-10-00-00 +0000,latimes,Your guide to L.A. County Charter Amendment E: Jail alternatives,https://www.latimes.com/california/story/2026-10-01/2026-california-election-los-angeles-county-charter-amendment-e-voter-guide
119,2026-10-01-20-46-06 +0000,nypost,Trump dumbfounded on why death row inmate Christa Pike couldn’t be executed: ‘Should be easy to do’,https://nypost.com/2026/10/01/us-news/trump-dumbfounded-on-why-death-row-inmate-christa-pike-couldnt-be-executed/
118,2026-10-01-10-00-00 +0000,latimes,Your guide to Proposition 44: Federally funded health clinic spending,https://www.latimes.com/california/story/2026-10-01/2026-california-election-proposition-44-health-clinic-spending-voter-guide
118,2026-10-01-21-43-33 +0000,nyt,Did You Buy $TRUMP Coin? Tell Us Your Experience.,https://www.nytimes.com/2026/10/01/us/politics/trump-coin-experience-questionnaire.html
117,2026-10-01-10-00-00 +0000,latimes,Your guide to Proposition 39: Stricter voter ID requirements,https://www.latimes.com/california/story/2026-10-01/2026-california-election-proposition-39-voting-id-requirements-voter-guide
117,2026-10-01-10-00-00 +0000,latimes,Your guide to Proposition 43: Voting thresholds for local special taxes,https://www.latimes.com/california/story/2026-10-01/2026-california-election-proposition-43-threshold-local-special-tax-voter-guide
115,2026-10-01-18-38-35 +0000,nypost,Trump sends third aircraft carrier to Middle East with 10K more troops — as he weighs post-midterm Iran assault,https://nypost.com/2026/10/01/us-news/trump-sends-3rd-aircraft-carrier-to-middle-east-with-10k-more-troops-as-he-weighs-post-midterm-iran-assault/
115,2026-10-01-10-00-00 +0000,latimes,Your guide to Proposition 38: Immunology and immunotherapy research funding,https://www.latimes.com/california/story/2026-10-01/2026-california-election-proposition-38-immunology-immunotherapy-funding-voter-guide
111,2026-10-02-00-19-44 +0000,latimes,Voter ID proponents accuse California Democrats of lying about Trump's support for Prop. 39,https://www.latimes.com/california/story/2026-10-01/voter-id-proponents-say-california-democrats-lying-about-trump-support
103,2026-10-01-18-26-07 +0000,wapo,"Renée Good’s family sues Trump officials, saying death was ‘not an accident’",https://www.washingtonpost.com/immigration/2026/10/01/rene-goods-family-sues-trump-officials-saying-death-was-not-an-accident/
102,2026-10-01-20-15-44 +0000,wapo,Trump wins approval for new White House visitor screening center,https://www.washingtonpost.com/politics/2026/10/01/trumps-white-house-visitor-screening-center-poised-approval/
100,2026-10-01-20-30-47 +0000,bbc,Renee Good: Family of US woman killed by ICE agent sues Trump officials,https://www.bbc.co.uk/news/articles/cwly7y5gvxlmo?at_medium=RSS&at_campaign=rss
100,2026-10-01-10-00-00 +0000,latimes,Voter guide to the 2026 California general election,https://www.latimes.com/california/story/2026-10-01/2026-california-general-election-voter-guide
98,2026-10-01-16-43-09 +0000,nypost,Supreme Court to take up key Trump immigration case that could restart ‘catch and release’,https://nypost.com/2026/10/01/us-news/supreme-court-to-take-up-key-trump-immigration-case-that-could-restart-catch-and-release/
98,2026-10-01-19-53-35 +0000,nyt,Renee Good’s Family Sues ICE Agent and Trump Officials Over Minnesota Killing,https://www.nytimes.com/2026/10/01/us/renee-good-lawsuit-ice-shooting-minnesota.html
97,2026-10-02-02-10-00 +0000,cbc,"New York's governor removes district attorney from Cornell rape allegations case, appoints special prosecutor",https://www.cbc.ca/news/world/ny-special-prosecutor-cornell-investigation-9.7366424?cmp=rss
97,2026-10-01-18-30-00 +0000,startribune,Opinion | Soaring diesel prices from Trump’s war with Iran are hitting Minnesota farmers hard,https://www.startribune.com/us-trade-war-soybeans-tariffs-iran-war-gas-prices/601895878
96,2026-10-01-16-53-39 +0000,nypost,"Trump admin threatens diesel export ban unless Germany, France tap reserves: report",https://nypost.com/2026/10/01/business/trump-admin-threatens-diesel-export-ban-unless-germany-france-tap-reserves-report/
95,2026-10-01-15-57-45 +0000,nyt,"Supreme Court, Taking On Trump Immigration Agenda, Will Review Migrant Detention Policy",https://www.nytimes.com/2026/10/01/us/politics/supreme-court-trump-migrant-detention.html
95,2026-10-01-17-45-29 +0000,nypost,"Trump defends his White House renovations, says it was a ‘disgraceful dump’ before changes",https://nypost.com/2026/10/01/us-news/trump-defends-his-white-house-renovations-i-made-it-beautiful/
95,2026-10-01-03-37-22 +0000,nyt,Trump’s New Tariffs Get a Familiar Day in Court,https://www.nytimes.com/2026/09/30/business/trump-tariffs-court-challenge.html
94,2026-10-01-10-00-39 +0000,chitri,"Chicago-area election officials gear up for potential ICE, FBI presence at the polls after Trump threats",https://www.chicagotribune.com/2026/10/01/chicago-election-immigration-presence/
93,2026-10-01-16-02-22 +0000,nypost,South Korea president pushes back on Trump Alaska pipeline announcement: ‘No decision made’,https://nypost.com/2026/10/01/us-news/south-korea-president-pushes-back-on-trump-alaska-pipeline-announcement-no-decision-made/
92,2026-10-01-10-17-37 +0000,cbc,Tennessee governor orders outside review after death row inmate Christa Pike survives execution attempt,https://www.cbc.ca/news/world/christa-pike-failed-execution-9.7364816?cmp=rss
92,2026-10-01-17-05-00 +0000,wsj,Renee Good’s Family Sues Trump Officials Over Fatal ICE Shooting,https://www.wsj.com/us-news/law/renee-goods-family-sues-trump-officials-over-fatal-ice-shooting-dd54e5c9?mod=rss_usnews
89,2026-10-01-16-31-54 +0000,nypost,Trump suggests he’ll pardon admin officials before leaving office: ‘Sure I’d do that’,https://nypost.com/2026/10/01/us-news/trump-suggests-hell-pardon-admin-officials-before-leaving-office-sure-id-do-that/
89,2026-10-01-18-58-48 +0000,nyt,Trump’s Threat to Ban Diesel Exports Sets Off Global Alarms,https://www.nytimes.com/2026/10/01/business/diesel-prices-us-exports.html
88,2026-10-01-16-39-00 +0000,nypost,"Harvard sued in alleged anti-white discrimination case, latest step in Trump crackdown on woke academia",https://nypost.com/2026/10/01/business/harvard-sued-in-alleged-anti-white-discrimination-case-latest-step-in-trump-crackdown-on-woke-academia/
87,2026-10-01-22-21-16 +0000,bbc,US says Europe should ready fuel supplies as Trump threatens diesel ban,https://www.bbc.co.uk/news/articles/c5zjzjgdeneeo?at_medium=RSS&at_campaign=rss
87,2026-10-02-02-13-46 +0000,nypost,"California mayor accused of running booze-soaked city hall, showing up drunk, harassing staff and hurling slurs",https://nypost.com/2026/10/01/us-news/anaheim-mayor-complaints-mount-amid-fresh-misconduct-allegations/
86,2026-10-01-21-50-02 +0000,48hills,Yekutiel drops out of D8 race after new sexual assault allegations,https://48hills.org/2026/10/yekutiel-under-pressure-to-drop-out-of-d8-race-after-new-sexual-assault-allegations/
86,2026-10-01-15-09-27 +0000,nypost,"Flydubai pilot was stabbed in head, had arm ‘split in two’ before flight saved by ‘superheroes,’ Netanyahu says",https://nypost.com/2026/10/01/world-news/flydubai-pilot-was-stabbed-in-head-had-arm-split-in-two-before-flight-saved-by-superheroes-bibi-says/
85,2026-10-01-22-16-46 +0000,nyt,"Man Charged With Threatening Katie Miller, Wife of Top Trump Aide Stephen Miller",https://www.nytimes.com/2026/10/01/us/stephen-miller-wife-katie-threats-trump.html
84,2026-10-01-16-30-00 +0000,wsj,"The WSJ mapped 24,000 TikTok creators with a new AI tool to find out just how much Americans hate AI",https://www.wsj.com/politics/elections/we-used-ai-to-find-out-just-how-much-americans-hate-ai-2ca70c5a?mod=rss_socialpoliticsfeed
82,2026-10-01-15-26-49 +0000,wapo,Trump loses favor with crypto fans who call him out for cashing in,https://www.washingtonpost.com/politics/2026/10/01/young-male-crypto-fans-have-turned-against-trump-investments-sour/
82,2026-10-01-19-56-00 +0000,wsj,The 38-Year-Old Captain Who Fought Off Cockpit Attack on FlyDubai Flight,https://www.wsj.com/world/the-38-year-old-captain-who-fought-off-cockpit-attack-on-flydubai-flight-cd2e484a?mod=pls_whats_news_us_business_f
82,2026-10-01-20-44-41 +0000,wapo,Trump memecoin plans another gala amid backlash to self-enrichment,https://www.washingtonpost.com/politics/2026/10/01/trump-memecoin-plans-another-gala-amid-backlash-self-enrichment/
82,2026-10-01-20-34-00 +0000,wsj,How a Trump-Backed Team Got a Pro-MAGA Businessman Out of a Myanmar Prison,https://www.wsj.com/world/asia/how-a-trump-backed-team-got-a-pro-maga-businessman-out-of-a-myanmar-prison-e1e45a8c?mod=rss_worldnews
82,2026-10-01-10-00-00 +0000,latimes,New bill in Congress seeks to investigate toxic dump off California coast,https://www.latimes.com/environment/story/2026-10-01/new-bill-in-congress-seeks-to-investigate-ddt-toxic-waste-dump-off-california-coast
82,2026-10-01-23-24-46 +0000,nypost,"Trump trucks to Texas to tout ‘pain in the a–‘ Ken Paxton, economic wins — then makes 100-mile drive to Oklahoma for speech",https://nypost.com/2026/10/01/us-news/trump-pumps-up-ken-paxton-bid-in-texas-as-part-of-red-state-push/
81,2026-10-01-17-54-47 +0000,chitri,President Donald Trump says latest Iran peace offer not enough and may resume bombing,https://www.chicagotribune.com/2026/10/01/donald-trump-iran-peace-offer/
81,2026-10-01-23-42-00 +0000,wsj,"Fed Vice Chair Philip Jefferson said officials may need more time before deciding whether to raise interest rates again, echoing signals from another Fed leader this week that cast doubt on bets the central bank would lift rates at its meeting later this month",https://www.wsj.com/economy/central-banking/another-fed-leader-suggests-next-rate-increase-can-wait-9e46d4f9?mod=rss_socialeconomyfeed
80,2026-10-01-22-41-03 +0000,wapo,"Trump illegally fired Seattle’s U.S. attorney, judge rules",https://www.washingtonpost.com/national-security/2026/10/01/trump-illegally-fired-seattles-us-attorney-judge-says/
77,2026-10-01-19-26-47 +0000,nypost,Treasury Dept. automatically enrolls more than 60 million kids in Trump Accounts,https://nypost.com/2026/10/01/business/treasury-automatically-enrolls-more-than-60-million-kids-in-trump-accounts/
77,2026-10-01-12-34-13 +0000,chitri,An Indian airline captain is hailed as a hero after a cockpit attack on a FlyDubai flight,https://www.chicagotribune.com/2026/10/01/indian-airline-captain-flydubai-flight/
77,2026-10-01-11-37-46 +0000,bbc,Trump's AI rebrand causes 'unprecedented' demand for Slovenian website names,https://www.bbc.co.uk/news/articles/cqx2z23xj555o?at_medium=RSS&at_campaign=rss
77,2026-10-01-20-13-22 +0000,wapo,"Campaign-style Trump ads use money meant for border security, memorials",https://www.washingtonpost.com/politics/2026/10/01/trump-ads-use-money-border-security-slain-officers-memorials/
76,2026-10-01-23-35-09 +0000,nyt,"Judge Reinstates Seattle’s Top Federal Prosecutor, Ousted by Trump",https://www.nytimes.com/2026/10/01/us/seattle-us-attorney-roger-rogoff-reinstated.html
76,2026-10-01-19-40-00 +0000,wapo,Trump sends out $500 ACA refunds and a letter promoting his record,https://www.washingtonpost.com/politics/2026/10/01/trump-sends-out-500-aca-refunds-letter-promoting-his-record/
75,2026-10-01-19-04-27 +0000,nyt,Republicans from deep-red areas are seeking distance from Trump on ICE.,https://www.nytimes.com/live/2026/10/01/us/midterms-elections/republicans-from-deep-red-areas-are-seeking-distance-from-trump-on-ice
75,2026-10-01-16-02-07 +0000,bbc,Trump says 'some' munitions are low as Iran war grinds on,https://www.bbc.co.uk/news/articles/cm4gjgzjrvp5o?at_medium=RSS&at_campaign=rss
75,2026-10-01-23-48-27 +0000,nypost,Xavier Becerra makes his death penalty stance clear after botched Christa Pike execution,https://nypost.com/2026/10/01/us-news/xavier-becerra-addresses-death-penalty-after-botched-christa-pike-execution/
74,2026-10-01-18-22-29 +0000,wapo,Trump says Secret Service wants him to ‘take down’ Oval Office,https://www.washingtonpost.com/politics/2026/10/01/trump-says-secret-service-wants-him-take-down-oval-office/
74,2026-10-01-15-13-02 +0000,wapo,Trump does not rule out demolishing the Kennedy Center,https://www.washingtonpost.com/politics/2026/10/01/trump-does-not-rule-out-demolishing-kennedy-center/
74,2026-10-01-16-39-27 +0000,nyt,Christa Pike’s failed execution echoes another in Tennessee this year.,https://www.nytimes.com/live/2026/10/01/us/christa-pike-tennessee-execution/tony-carruthers-failed-execution
74,2026-10-01-21-34-25 +0000,wapo,"Trump defies Democrats, diverts aid for Europe to Latin America instead",https://www.washingtonpost.com/national-security/2026/10/01/trump-defies-democrats-diverts-aid-europe-latin-america-instead/
74,2026-10-01-13-49-51 +0000,nyt,Trump Dangles Alaska Gas Project as Part of Korean Investment Package,https://www.nytimes.com/2026/09/30/business/economy/alaska-lng-south-korea-trump.html
74,2026-10-01-22-34-41 +0000,nyt,"Housing Official, Who Targeted Trump Foes, Cuts Watchdog Office",https://www.nytimes.com/2026/10/01/us/politics/bill-pulte-trump-inspector-general.html
73,2026-10-01-22-57-27 +0000,nypost,Small California company creates the world’s most boring robot — but it’ll save you hours a day,https://nypost.com/2026/10/01/us-news/california-startup-launches-robot-to-do-household-chores/
73,2026-10-01-22-51-55 +0000,nyt,What to Know About Trump Accounts as More Than 60 Million Children Are Auto-Enrolled,https://www.nytimes.com/2026/10/01/business/trump-accounts-auto-enrollment.html
73,2026-10-01-23-05-36 +0000,nypost,"‘Bad Boy’ Dennis Rodman joins Trump for red state tour, praised for North  Korea knowledge",https://nypost.com/2026/10/01/us-news/dennis-rodman-joins-trump-for-red-state-tour-praised-for-north-korea-knowledge/
73,2026-10-01-18-01-02 +0000,chitri,Chicago joins lawsuit over Trump’s EPA repealing rule that limits emissions from power plants,https://www.chicagotribune.com/2026/10/01/lawsuit-trump-epa-power-plant-emissions/
71,2026-10-01-22-56-11 +0000,chitri,"New ICE guidance bans high-speed car chases and sets tighter rules for traffic stops, a memo shows",https://www.chicagotribune.com/2026/10/01/new-ice-guidance-car-chases-traffic-stops/
71,2026-10-01-18-17-48 +0000,cbc,What happened in Tennessee's failed execution of Christa Pike and what comes next?,https://www.cbc.ca/news/world/tennessee-christa-pike-explainer-9.7364988?cmp=rss
70,2026-10-02-00-38-39 +0000,missionlocal,Meet the District 10 candidates: Which of Mayor Lurie’s policy decisions do you agree with? What do you disagree with?,https://missionlocal.org/2026/10/meet-the-district-10-candidates-mayor-lurie/
70,2026-10-02-01-00-00 +0000,wsj,Police Score Big Bucks With Little Work in Trump’s Immigration Crackdown,https://www.wsj.com/us-news/immigration-arrests-police-trump-f0ca5253?mod=rss_usnews
70,2026-10-01-19-35-43 +0000,nypost,Trump to campaign with Blakeman in upstate NY: sources,https://nypost.com/2026/10/01/us-news/president-trump-to-campaign-with-bruce-blakeman-in-upstate-new-york/
69,2026-10-01-21-15-07 +0000,nyt,What Did Christa Pike Do? What to Know About the Botched Tennessee Execution.,https://www.nytimes.com/2026/10/01/us/christa-pike-alive-tennessee-execution-halted.html
69,2026-10-02-02-41-43 +0000,wapo,"Trump embarks on rally blitz, hoping to energize GOP voters",https://www.washingtonpost.com/politics/2026/10/01/trump-starts-campaign-swing-red-states-reflecting-poor-gop-prospects/
69,2026-10-01-13-40-40 +0000,nypost,Israel-bound flydubai plane was likely just 40 seconds from catastrophe: Terrifying ‘stroke of luck’,https://nypost.com/2026/10/01/world-news/israel-bound-flydubai-plane-was-likely-just-40-seconds-from-crashing-veteran-pilot/
69,2026-10-01-21-38-00 +0000,wsj,Opinion | Trump Has the Right Instincts on AI,https://www.wsj.com/opinion/donald-trump-ai-pact-senate-democrats-data-centers-bb8ae54a?mod=rss_usnews
68,2026-10-01-16-52-41 +0000,wapo,"Co-pilot who tried to crash FlyDubai jet was ‘radicalized,’ Israel says",https://www.washingtonpost.com/world/2026/10/01/inquiry-into-flydubai-attack-turns-security-lapses/
67,2026-10-01-10-00-01 +0000,wapo,Trump’s playing his greatest hits. They don’t work as well as they used to.,https://www.washingtonpost.com/politics/2026/10/01/trumps-playing-his-greatest-hits-they-dont-work-well-they-used/
67,2026-10-01-16-25-16 +0000,wapo,4 takeaways from Trump’s Time magazine interview,https://www.washingtonpost.com/politics/2026/10/01/4-takeaways-trumps-time-magazine-interview/
67,2026-10-01-14-54-36 +0000,nypost,"Race against time to save crew after colossal, rarely seen deep sea beasts smash up yacht in Pacific",https://nypost.com/2026/10/01/world-news/sperm-whales-sink-yacht-in-pacific-ocean-crew-rescued-18-hours-later/
66,2026-10-01-21-58-19 +0000,missionlocal,Manny Yekutiel drops out of S.F. supervisor race after sexual assault claim,https://missionlocal.org/2026/10/san-francisco-manny-yekutiel-drops-out-district-8-race/
66,2026-10-01-17-53-52 +0000,nypost,Friendly-faced California tech CEO arrested by feds for allegedly hiding $300M Chinese secret,https://nypost.com/2026/10/01/us-news/california-tech-ceo-arrested-for-allegedly-smuggling-300-million-in-restricted-ai-chips-into-china/
66,2026-10-01-16-59-37 +0000,wapo,States sue to stop Trump’s retreat on power plant emissions,https://www.washingtonpost.com/climate-environment/2026/10/01/states-sue-stop-trumps-retreat-power-plant-emissions/
65,2026-10-01-19-29-29 +0000,nypost,"California’s top fiscal watchdog botched staff payments, let managers work from Idaho, Alabama",https://nypost.com/2026/10/01/us-news/california-auditor-finds-waste-inside-controllers-office/
65,2026-10-01-18-36-00 +0000,wsj,"The top Democrats on the Senate and House foreign affairs committees urged the State Department to review the conduct of Kimberly Guilfoyle, the U.S. ambassador to Greece, citing a WSJ investigation",https://www.wsj.com/politics/policy/lawmakers-call-for-probe-into-kimberly-guilfoyles-conduct-480e1384?mod=rss_socialpoliticsfeed
64,2026-10-01-20-22-24 +0000,nypost,"Biden admin approved 99% of applications for migrant kids in one year — exposing them to rapists, murders, new report shows",https://nypost.com/2026/10/01/us-news/biden-admin-approved-99-of-applications-for-migrant-kids-report/
64,2026-10-01-20-34-40 +0000,nypost,Disney plans hundreds of job cuts in restructuring under new CEO Josh D’Amaro: report,https://nypost.com/2026/10/01/media/disney-plans-hundreds-of-job-cuts-in-restructuring-under-new-ceo-josh-damaro-report/
64,2026-10-01-12-00-00 +0000,latimes,A California river has dried up. Critics say the state should do more to protect its salmon,https://www.latimes.com/environment/story/2026-10-01/dry-river-salmon
63,2026-10-01-15-00-25 +0000,wapo,The Pollwatcher: How much can Republicans outrun Trump’s approval ratings?,https://www.washingtonpost.com/politics/2026/10/01/pollwatcher-how-much-can-republicans-outrun-trumps-approval-ratings/
63,2026-10-01-16-53-08 +0000,wapo,Nebraska’s Dan Osborn responds to audio commenting on Trump supporters,https://www.washingtonpost.com/politics/2026/10/01/nebraskas-dan-osborn-responds-leaked-audio-commenting-trump-supporters/
61,2026-10-01-19-17-02 +0000,nyt,2 Dead and 1 Missing in Medical Helicopter Crash Near California Coast,https://www.nytimes.com/2026/10/01/us/helicopter-crash-catalina-island-california.html
61,2026-10-01-12-53-13 +0000,nyt,FlyDubai Flight to Israel Diverted After Clash Between Pilots: What We Know and Don’t Know,https://www.nytimes.com/2026/09/30/world/middleeast/flydubai-dubai-israel-flight-diverted.html
60,2026-10-02-02-11-34 +0000,bbc,What happened in the failed execution of Christa Pike - and what next?,https://www.bbc.co.uk/news/articles/ckge4eql4q7eo?at_medium=RSS&at_campaign=rss
59,2026-10-02-00-08-50 +0000,nypost,Xavier Becerra pays daughter more than $17K to work on California governor campaign,https://nypost.com/2026/10/01/us-news/xavier-becerra-pays-daughter-to-work-on-california-governor-campaign/
58,2026-10-01-14-39-57 +0000,nyt,"Who Is Captain Smit Machchhar, the Pilot Hailed as a Hero After FlyDubai Cockpit Stabbing?",https://www.nytimes.com/2026/10/01/world/asia/israel-flight-flydubai-pilot-captain-smit-machchhar.html
58,2026-10-01-17-16-44 +0000,missionlocal,"Mayor Lurie, S.F. supervisors drop Manny Yekutiel after new sexual assault claim",https://missionlocal.org/2026/10/san-francisco-manny-yekutiel-sexual-assault-district-8-supervisor/
58,2026-10-01-19-41-16 +0000,nypost,Ukraine debuts new self-made FP-7 ballistic missiles in strikes against Russia: Zelensky,https://nypost.com/2026/10/01/world-news/ukraine-debuts-new-self-made-fp-7-ballistic-missiles-in-strikes-against-russia-zelensky/
57,2026-10-01-22-13-23 +0000,nyt,Christa Pike’s Lawyers Describe a ‘Cruel and Torturous’ Failed Execution,https://www.nytimes.com/2026/10/01/us/christa-pike-condition.html
57,2026-10-01-10-00-01 +0000,wapo,"Democrat has edge in Virginia House race considered national bellwether, poll finds",https://www.washingtonpost.com/politics/2026/10/01/shannon-taylor-has-edge-over-rob-wittman-virginia-house-district-post-poll-finds/
57,2026-10-01-06-14-24 +0000,bbc,Watch: The many questions raised by the failed execution of Christa Pike,https://www.bbc.co.uk/news/videos/cq5ymyl1y29ko?at_medium=RSS&at_campaign=rss
57,2026-10-01-10-00-00 +0000,latimes,"Exceptionally long heat wave hitting Southern California, could last until mid-October",https://www.latimes.com/california/story/2026-10-01/long-lasting-heat-wave-coming-to-socal-forecasters-warn
56,2026-10-01-15-04-32 +0000,bbc,Who is the 'hero' Indian pilot who was stabbed on Israel-bound flight?,https://www.bbc.co.uk/news/articles/cje3r3z7g0zzo?at_medium=RSS&at_campaign=rss
56,2026-10-01-21-52-12 +0000,nyt,"In the final months of his term, Tennessee’s governor confronts another failed execution.",https://www.nytimes.com/live/2026/10/01/us/christa-pike-tennessee-execution/bill-lee-marsha-blackburn-executions
56,2026-10-01-19-43-29 +0000,nyt,5 Passengers on FlyDubai Flight to Receive Israel’s Award for Heroism,https://www.nytimes.com/2026/10/01/world/middleeast/flydubai-flight-passengers-israel-hero-honor.html
56,2026-10-01-10-04-23 +0000,chitri,Election preview: Three vie for two seats in Eastern Will County’s third district,https://www.chicagotribune.com/2026/10/01/election-preview-will-county-3rd/
55,2026-10-01-23-24-18 +0000,nyt,Investigators Seek Motive for FlyDubai Cockpit Attack,https://www.nytimes.com/2026/10/01/world/middleeast/flydubai-attack-invesigation.html
55,2026-10-01-09-03-22 +0000,nyt,Texas Governor Race Puts Pressure on Andy Beshear and Democratic Governors Association,https://www.nytimes.com/2026/10/01/us/politics/gina-hinojosa-andy-beshear-democratic-governors-association.html
55,2026-10-01-21-37-49 +0000,chitri,World Business Chicago skips City Council ethics hearing about videos featuring Mayor Brandon Johnson,https://www.chicagotribune.com/2026/10/01/world-business-chicago-skips-city-council-ethics-hearing-about-videos-featuring-mayor-brandon-johnson/
55,2026-10-01-11-21-00 +0000,wsj,The Massive Corporate Tax Bills That Hinge on Two Words; Levi Strauss Names New CFO,https://www.wsj.com/cfo-journal/the-massive-corporate-tax-bills-that-hinge-on-two-words-levi-strauss-names-new-cfo-f997fca3?mod=pls_whats_news_us_business_f
55,2026-10-01-20-09-34 +0000,bbc,What we know about Christa Pike’s condition after failed execution,https://www.bbc.co.uk/news/videos/cwe8e82jgm8po?at_medium=RSS&at_campaign=rss
54,2026-10-01-13-49-30 +0000,bbc,Witnesses recount Christa Pike's failed execution,https://www.bbc.co.uk/news/videos/ckly5y1jzm2zo?at_medium=RSS&at_campaign=rss
54,2026-10-01-16-57-00 +0000,wsj,A Political Backlash Is Rocking California’s Trumpiest Town Council,https://www.wsj.com/us-news/a-political-backlash-is-rocking-californias-trumpiest-town-council-52c63d73?mod=rss_usnews
54,2026-10-01-09-59-59 +0000,bbc,US death row inmate survives execution attempt after two lethal injections,https://www.bbc.co.uk/news/articles/cq8r6rjdvlx6o?at_medium=RSS&at_campaign=rss
54,2026-10-01-17-04-06 +0000,missionlocal,Lyft to pay $272.5 million in California’s largest-ever wage theft settlement,https://missionlocal.org/2026/10/lyft-san-francisco-wage-theft-settlement/
54,2026-10-01-21-39-35 +0000,latimes,AI image of deadly snake sent Santa Ana into panic. It's a new hoax headache for police,https://www.latimes.com/california/story/2026-10-01/ai-generated-image-of-deadly-snake-sent-santa-ana-into-panic-its-new-headache-for-police
54,2026-10-01-13-57-28 +0000,bbc,Flydubai passenger describes hugging his children as plane nosedived during attack,https://www.bbc.co.uk/news/articles/c6d949ydnw3po?at_medium=RSS&at_campaign=rss
54,2026-10-01-14-22-14 +0000,bbc,What we know about stabbing on Flydubai flight to Israel,https://www.bbc.co.uk/news/articles/cqjdv7pmj9dno?at_medium=RSS&at_campaign=rss
53,2026-10-01-11-26-46 +0000,bbc,"Too early to say whether Iran involved in Dubai-Tel Aviv flight attack, Israeli PM says",https://www.bbc.co.uk/news/articles/cqgmrm7xd8wyo?at_medium=RSS&at_campaign=rss
53,2026-10-01-19-36-00 +0000,wsj,U.A.E. Investigates Whether Terrorism Played Role in FlyDubai Attack,https://www.wsj.com/world/middle-east/u-a-e-opens-investigation-into-flydubai-attack-f16f17b5?mod=rss_worldnews
53,2026-10-01-20-40-55 +0000,nyt,FlyDubai Under Scrutiny After Cockpit Attack,https://www.nytimes.com/2026/10/01/world/middleeast/flydubai-israel-scrutiny.html
53,2026-10-01-19-51-33 +0000,startribune,"Renee Good’s family sues the United States over her death, Operation Metro Surge",https://www.startribune.com/renee-good-family-lawsuit-operation-metro-surge/601895357
53,2026-10-01-14-00-00 +0000,wsj,Hedge-fund managers are losing their main strategy for avoiding a 3.8% federal self-employment tax after a yearslong Internal Revenue Service campaign yielded government victories in appeals courts,https://www.wsj.com/politics/policy/hedge-fund-managers-lose-out-on-lucrative-tax-strategy-3d9e05b4?mod=rss_socialpoliticsfeed
52,2026-10-01-15-13-00 +0000,wsj,South Korea Contests U.S. Claims of New $50 Billion Alaska Investment,https://www.wsj.com/world/asia/south-korea-contests-u-s-claims-of-new-50-billion-alaska-investment-550b9a1e?mod=rss_worldnews
52,2026-10-02-00-46-32 +0000,nypost,Self-driving big rigs roll into California as driverless future comes into focus,https://nypost.com/2026/10/01/business/california-launches-first-autonomous-freight-pilot-with-kodiak-ai/
52,2026-10-01-17-34-08 +0000,nypost,Dem has razor-thin lead over GOP Rep. Mike Lawler in battleground NY House district: poll,https://nypost.com/2026/10/01/us-news/dem-has-razor-thin-lead-over-gop-rep-mike-lawler-in-battleground-ny-house-district-poll/
51,2026-10-01-09-44-00 +0000,wsj,An Israel-Bound Flight Plunged After a Cockpit Stabbing. Then Passengers Intervened.,https://www.wsj.com/world/an-israel-bound-flight-plunged-after-a-cockpit-stabbing-then-passengers-intervened-84023704?mod=rss_worldnews
51,2026-10-01-10-00-00 +0000,latimes,How to vote in California's November 2026 general election,https://www.latimes.com/california/story/2026-10-01/2026-california-election-how-to-vote-november-general-voter-guide
51,2026-10-01-19-56-24 +0000,nyt,2 passengers who helped thwart the FlyDubai attack add details in a TV interview.,https://www.nytimes.com/live/2026/10/01/world/flydubai-flight-israel-plane-pilots/2-passengers-who-helped-thwart-the-flydubai-attack-add-details-in-a-tv-interview
51,2026-10-01-21-17-45 +0000,nypost,Saudi Arabia and Jordan denied flydubai flight clearance to land despite a terrifying mayday call,https://nypost.com/2026/10/01/world-news/saudi-arabia-jordan-denied-flydubai-flight-clearance-despite-a-terrifying-mayday-call/
50,2026-10-01-04-50-43 +0000,nyt,5 Takeaways From the Debate for California Governor,https://www.nytimes.com/2026/10/01/us/politics/california-governor-debate-takeaways.html
49,2026-10-01-22-28-45 +0000,bbc,"Christa Pike in critical condition after surviving two lethal injections, lawyer says",https://www.bbc.co.uk/news/articles/cmn4540d4z87o?at_medium=RSS&at_campaign=rss
49,2026-10-01-18-00-07 +0000,nyt,Israelis Take Pride in Bravery of Passengers Who Saved FlyDubai Flight,https://www.nytimes.com/2026/10/01/world/middleeast/israel-passengers-flight-1073.html
49,2026-10-01-17-06-55 +0000,bbc,Renee Good's partner speaks publicly for first time since her death,https://www.bbc.co.uk/news/videos/cmd686wyp0pgo?at_medium=RSS&at_campaign=rss
48,2026-10-01-15-52-55 +0000,cbc,"Renee Good's family sues U.S. government, ICE officer and others over Minneapolis killing",https://www.cbc.ca/news/world/renee-good-lawsuits-minneapolis-9.7365279?cmp=rss
48,2026-10-01-13-06-41 +0000,nyt,How fraught Middle East geopolitics could complicate the FlyDubai investigation.,https://www.nytimes.com/live/2026/10/01/world/flydubai-flight-israel-plane-pilots/how-fraught-middle-east-geopolitics-could-complicate-flydubai-investigation
48,2026-10-02-02-49-44 +0000,bbc,NY's governor appoints special prosecutor in Cornell frat rape investigation,https://www.bbc.co.uk/news/articles/cr1585y0y90go?at_medium=RSS&at_campaign=rss
48,2026-10-01-18-58-33 +0000,nypost,Google’s AI push in schools fuels plunging test scores — as kids left ‘dependent’ on chatbots: report,https://nypost.com/2026/10/01/business/googles-ai-push-in-schools-fuels-test-scores-plunge-kids-dependent-on-chatbots-report/
47,2026-10-02-00-06-30 +0000,nyt,Investigators Seek to Establish Motive in FlyDubai Attack,https://www.nytimes.com/live/2026/10/01/world/flydubai-flight-israel-plane-pilots
47,2026-10-01-11-30-00 +0000,wapo,"Belief that college is very important hits new low, poll finds",https://www.washingtonpost.com/education/2026/10/01/belief-that-college-is-very-important-hits-new-low-poll-finds/
47,2026-10-01-10-54-00 +0000,wsj,Congress has thrown in the towel and is most likely done legislating until after the midterm elections in November. Read more in today’s WSJ Politics Newsletter:,https://www.wsj.com/politics/policy/congress-wraps-up-with-a-whimper-and-a-shrug-2e73a301?mod=rss_socialpoliticsfeed
47,2026-10-02-00-12-21 +0000,nypost,Health giant announces mass layoffs across California,https://nypost.com/2026/10/01/us-news/health-giant-announces-147-layoffs-across-california/
47,2026-10-01-11-16-40 +0000,nypost,Accused flydubai plane hijacker is religious extremist who refused to shake women’s hands: ‘We hired a terrorist’,https://nypost.com/2026/10/01/world-news/accused-plane-hijacker-is-religious-extremist-who-refuses-to-shake-womens-hands-we-hired-a-terrorist/
46,2026-10-01-23-09-55 +0000,nyt,Christa Pike Is in Critical Condition as Tennessee Pauses Executions,https://www.nytimes.com/2026/10/01/us/tennessee-executions-christa-pike-lee-review.html
46,2026-10-01-15-18-22 +0000,bbc,Hundreds of criminals start leaving prison under new early release scheme,https://www.bbc.co.uk/news/articles/c6evwvdwggrlo?at_medium=RSS&at_campaign=rss
46,2026-10-01-15-32-25 +0000,nyt,An Idaho death row prisoner described living through a botched execution.,https://www.nytimes.com/live/2026/10/01/us/christa-pike-tennessee-execution/an-idaho-death-row-prisoner-described-living-through-a-botched-execution
46,2026-10-01-19-49-02 +0000,bbc,Sexual assault case dismissed against Trailer Park Boys actor Mike Smith,https://www.bbc.co.uk/news/articles/cvwyzykel653o?at_medium=RSS&at_campaign=rss
46,2026-10-01-11-40-35 +0000,bbc,Cornell case highlights 'draining' maze for victims to report campus sex assaults,https://www.bbc.co.uk/news/articles/crpd0wdnlgxno?at_medium=RSS&at_campaign=rss
46,2026-10-01-21-35-52 +0000,nypost,White House council releases eye-popping cost estimate for DSA platform as socialism becomes 2026 campaign issue,https://nypost.com/2026/10/01/us-news/white-house-releases-eye-popping-cost-estimate-for-dsa-platform-as-socialism-becomes-2026-camapign-issue/
45,2026-10-01-18-52-15 +0000,nypost,McDonald’s brushes off claims it’s using AI to set prices as big nothingburger,https://nypost.com/2026/10/01/business/mcdonalds-brushes-off-claims-its-using-ai-to-set-prices-as-big-nothingburger/
45,2026-10-01-17-49-00 +0000,wsj,"The Pentagon is sending a third aircraft-carrier strike group and additional Marine Corps ships to the Middle East, according to U.S. officials",https://www.wsj.com/politics/national-security/u-s-sending-third-aircraft-carrier-up-to-10-000-more-troops-to-middle-east-42996f7a?mod=rss_socialpoliticsfeed
45,2026-10-01-20-02-00 +0000,wsj,Oil Climbs as U.S. Sends Another Aircraft Carrier to Middle East,https://www.wsj.com/finance/commodities-futures/oil-rises-as-supply-concerns-persist-despite-middle-east-crude-exports-recovering-to-prewar-levels-067a47d8?mod=pls_whats_news_us_business_f
45,2026-10-01-14-52-52 +0000,nypost,Model claims Victoria’s Secret bought rights to just a sliver of her face — then used almost all of it,https://nypost.com/2026/10/01/business/model-claims-victorias-secret-bought-rights-to-just-a-sliver-of-her-face-then-used-almost-all-of-it/
44,2026-10-01-20-04-42 +0000,startribune,Twin Cities Marathon runners can expect cooler conditions on race day,https://www.startribune.com/twin-cities-marathon-runners-can-expect-cooler-conditions-on-race-day/601896382
44,2026-10-01-19-35-40 +0000,nyt,Investigators Seek to Determine How a Weapon Entered FlyDubai Cockpit,https://www.nytimes.com/2026/10/01/world/middleeast/flydubai-weapon-cockpit-stabbing-attack.html
44,2026-10-02-01-00-00 +0000,wsj,WSJ’s Eliza Collins spoke with a group of Democratic voters about the rise of the party’s far-left flank and who should lead the party in 2028,https://www.wsj.com/politics/elections/what-democratic-voters-actually-think-of-the-party-the-dsa-and-the-midterms-25633257?mod=rss_socialpoliticsfeed
44,2026-10-01-19-51-31 +0000,nyt,Israeli Politicians Trade Barbs Over FlyDubai Attack,https://www.nytimes.com/2026/10/01/world/middleeast/israel-flydubai-netanyahu-elections.html
44,2026-10-01-18-45-25 +0000,bbc,Judge permanently ends case against Olympian accused of Reflecting Pool vandalism,https://www.bbc.co.uk/news/articles/c68jdjw7mydeo?at_medium=RSS&at_campaign=rss
43,2026-10-01-11-51-29 +0000,nyt,The Global Bond Rout Reaches Worrying New Levels,https://www.nytimes.com/2026/10/01/business/dealbook/bond-rout-trump-powell.html
43,2026-10-02-00-55-01 +0000,wapo,‘I am haunted’: Tennessee grapples with questions after another botched execution,https://www.washingtonpost.com/national-security/2026/10/01/tennessee-pledges-investigation-after-botching-second-execution-this-year/
43,2026-10-01-15-11-24 +0000,cbc,West Coast oil pipeline becomes 1st project designated in national interest,https://www.cbc.ca/news/politics/west-coast-pipeline-national-interest-9.7365037?cmp=rss
43,2026-10-01-13-30-00 +0000,nypost,Delivery contractor closing California operation with dozens of positions axed,https://nypost.com/2026/10/01/business/california-amazon-delivery-contractor-shutting-down-106-workers-to-lose-jobs/
43,2026-10-01-18-21-22 +0000,bbc,HMRC urged to scrutinise tax implications of Man City case,https://www.bbc.co.uk/sport/football/articles/cjkg7g93y5yno?at_medium=RSS&at_campaign=rss
42,2026-10-01-18-08-48 +0000,bbc,"Cornell accuser was 'failed' by university healthcare system, lawyer says",https://www.bbc.co.uk/news/articles/c699d93j22r5o?at_medium=RSS&at_campaign=rss
42,2026-10-01-12-54-34 +0000,nypost,"Omani co-pilot ‘underwent Islamist radical indoctrination’ was on suicidal mission to ‘down the plane,’ Netanyahu says",https://nypost.com/2026/10/01/world-news/flydubai-co-pilot-was-on-suicidal-mission-to-down-the-plane-netanyahu/
42,2026-10-01-17-38-20 +0000,nyt,See How El Niño Is Washing Ashore in California,https://www.nytimes.com/2026/09/30/climate/el-nino-storm-flooding-kelvin-waves.html
42,2026-10-01-15-41-17 +0000,cbc,What we know so far about the midair FlyDubai attack,https://www.cbc.ca/news/world/flydubai-incident-details-9.7365051?cmp=rss
42,2026-10-01-17-06-00 +0000,wsj,"More than 50 years after Watergate, the Justice Department is reaching back into history to consider whether Richard Nixon was treated unfairly",https://www.wsj.com/us-news/law/decades-after-watergate-justice-department-reviews-whether-nixon-got-a-raw-deal-8e25380f?mod=rss_socialpoliticsfeed
41,2026-10-01-17-47-38 +0000,bbc,Carney pitches oil pipeline as a response to US-Canada trade war,https://www.bbc.co.uk/news/articles/cm7505q2v2pqo?at_medium=RSS&at_campaign=rss
41,2026-10-01-17-49-00 +0000,wsj,"U.S. Sending Third Aircraft Carrier, Up to 10,000 More Troops, to Middle East",https://www.wsj.com/politics/national-security/u-s-sending-third-aircraft-carrier-up-to-10-000-more-troops-to-middle-east-42996f7a?mod=rss_worldnews
41,2026-10-01-09-06-44 +0000,nyt,"Oil Is Flowing From the Persian Gulf, but Prices Remain High. Why?",https://www.nytimes.com/2026/10/01/business/energy-environment/oil-prices-iran-war-trump.html
40,2026-10-01-04-41-13 +0000,latimes,Investigation underway after student dies in fall from balcony at Highland Park high school,https://www.latimes.com/california/story/2026-09-30/investigation-underway-after-student-dies-in-fall-from-balcony-at-highland-park-high-school
40,2026-10-01-08-14-49 +0000,wsj,"Stock Market News, Oct. 2, 2026: Treasury Selloff Flips in Volatile Trading Day",https://www.wsj.com/livecoverage/stock-market-today-dow-sp-500-nasdaq-10-01-2026?mod=rss_markets_main
40,2026-10-01-20-40-43 +0000,chitri,"Supporters of laid-off custodians rally in Crestwood, cite ‘gross stuff’ at District 130 schools",https://www.chicagotribune.com/2026/10/01/school-district-130-custodians-rally/
39,2026-10-02-00-54-39 +0000,nypost,Hochul appoints AG Letitia James to take over ‘Cornell 7’ gang rape probe after losing faith in upstate DA’s investigation,https://nypost.com/2026/10/01/us-news/hochul-appoints-ag-james-to-take-over-cornell-7-gang-rape-probe-after-losing-faith-in-upstate-das-investigation/
39,2026-10-01-12-09-52 +0000,cbc,U.A.E. announces investigation into FlyDubai stabbing,https://www.cbc.ca/news/world/flydubai-investigations-pilot-stabbing-9.7364851?cmp=rss
39,2026-10-01-18-00-00 +0000,wsj,U.K. Police Arrest British-Iranian Dual National Over Foiled Fairford Attack,https://www.wsj.com/world/u-k-police-arrest-british-iranian-dual-national-over-foiled-fairford-attack-f299f789?mod=rss_worldnews
39,2026-10-01-11-00-00 +0000,missionlocal,"Theo Ellington, District 10 frontrunner backed by billionaire, says he’d restrict billionaire funding",https://missionlocal.org/2026/10/san-francisco-theo-ellington-district-10-forum-flock-billionaires/
39,2026-10-01-19-59-24 +0000,bbc,Netanyahu says Flydubai attacker had 'Islamist radical indoctrination',https://www.bbc.co.uk/news/articles/crje8edqyej9o?at_medium=RSS&at_campaign=rss
39,2026-10-01-20-12-46 +0000,latimes,Hundreds attend vigil for Franklin High student who fell to his death on campus,https://www.latimes.com/california/story/2026-10-01/vigil-planned-for-highland-park-student-who-fell-to-death-from-balcony
38,2026-10-01-17-08-14 +0000,nyt,Pike Said She Rued a Grisly Crime. The Victim’s Mother Wants Her Dead.,https://www.nytimes.com/2026/10/01/us/christa-pike-remorse-victim-mother.html
38,2026-10-02-00-50-49 +0000,bbc,"Man City not 'above the rules', says No 10 after backlash to Burnham remarks",https://www.bbc.co.uk/news/articles/cj3v4vn3ydw1o?at_medium=RSS&at_campaign=rss
38,2026-10-01-21-47-30 +0000,nyt,Canada’s Proposed Oil Pipeline Offers Carney Relief From Domestic and Global Turmoil,https://www.nytimes.com/2026/10/01/world/canada/carney-alberta-british-columbia-oil-pipeline.html
38,2026-10-01-09-03-22 +0000,nyt,New Facility at Louisiana Airport to Hold Immigrant Children and Families,https://www.nytimes.com/2026/10/01/us/ice-child-detention-center-louisiana.html
37,2026-10-01-13-13-00 +0000,wsj,Best High-Yield Savings Accounts for October 2026: Up to 4.50%,https://www.wsj.com/buyside/personal-finance/banking/best-high-yield-savings-account?mod=rss_worldnews
37,2026-10-01-23-39-47 +0000,latimes,Tragic accident or murder? Jury to decide fate of L.A. nurse in high-speed wreck that left six dead,https://www.latimes.com/california/story/2026-10-01/nicole-linton-high-speed-south-la-wreck-trial-closing
37,2026-10-01-23-38-47 +0000,chitri,Illinois attorney general files motion to halt operations at South Deering plant accused of excessive odors,https://www.chicagotribune.com/2026/10/01/pullman-innovations-odors-south-deering-pollution/
37,2026-10-01-18-26-26 +0000,bbc,What we know about Cornell University frat house rape investigation,https://www.bbc.co.uk/news/articles/cmpq0r1ljpqwo?at_medium=RSS&at_campaign=rss
37,2026-10-01-21-12-12 +0000,latimes,Man who ambushed and killed newly engaged L.A. County deputy will spend life in prison,https://www.latimes.com/california/story/2026-10-01/man-gets-life-sentence-for-ambush-slaying-of-palmdale-sheriffs-deputy
36,2026-10-01-23-13-01 +0000,nypost,"Woman says cyber-stalking ex made life a horror movie with foreign spies, GPS on car, scrambling her phone",https://nypost.com/2026/10/01/us-news/woman-says-cyber-stalking-ex-made-life-hell-with-foreign-spies-gps-on-car/
36,2026-10-01-12-15-48 +0000,nyt,New York Times Reporting Through a Front Page That Never Published and More,https://www.nytimes.com/2026/10/01/business/new-york-times-journalism-reporting-objects.html
36,2026-10-01-19-29-27 +0000,nypost,Olympic canoeist David Hearn has Reflecting Pool vandalism case tossed by judge with prejudice,https://nypost.com/2026/10/01/us-news/olympic-canoeist-david-hearn-has-reflecting-pool-vandalism-case-tossed-by-judge/
36,2026-10-01-17-52-09 +0000,nypost,UK-Iranian dual national arrested in connection to suspected terror plot at RAF Fairford airbase,https://nypost.com/2026/10/01/world-news/uk-iranian-dual-national-arrested-in-connection-to-suspected-terror-plot-at-raf-fairford/
36,2026-10-01-21-52-03 +0000,nyt,Judge in Lindsay Clancy’s Case Declines to Find Her Not Guilty After Mistrial,https://www.nytimes.com/2026/10/01/us/lindsay-clancy-motion-denied.html
35,2026-10-01-22-42-25 +0000,nypost,NJ Rep. LaMonica McIver gives birth as she awaits federal trial for allegedly assaulting cops at anti-ICE protest,https://nypost.com/2026/10/01/us-news/nj-congresswoman-gives-birth-as-she-awaits-federal-trial-for-allegedly-assaulting-cops-at-an-anti-ice-protest/
35,2026-10-01-22-53-00 +0000,wsj,OpenAI Fires Researchers for Allegedly Sharing Information with AI Safety Group,https://www.wsj.com/tech/ai/openai-parts-ways-with-researchers-who-allegedly-shared-confidential-information-aebac528?mod=pls_whats_news_us_business_f
35,2026-10-01-22-43-01 +0000,nypost,Georgia election board not moving forward with GOP plan to fix election system flaw,https://nypost.com/2026/10/01/us-news/georgia-election-board-not-moving-forward-with-gop-plan-to-fix-election-system-flaw/
35,2026-10-01-22-46-00 +0000,wsj,Why Are Diesel Prices Soaring and What Would a U.S. Export Ban Do?,https://www.wsj.com/finance/commodities-futures/why-are-diesel-prices-soaring-and-what-would-a-u-s-export-ban-do-e453fd47?mod=pls_whats_news_us_business_f
35,2026-10-02-01-03-14 +0000,nypost,Nithya Raman’s social media lovefest under fire over secret payment claims: ‘Fake moral superiority’,https://nypost.com/2026/10/01/us-news/nithya-raman-campaign-accused-of-secretly-paying-social-media-influencers-to-promote-her/
35,2026-10-01-20-53-55 +0000,startribune,Minneapolis City Council passes divisive ordinance requiring human drivers in driverless vehicles,https://www.startribune.com/minneapolis-driverless-vehicles-waymo-ordinance/601895877
34,2026-10-01-17-20-06 +0000,nyt,"Help! Air Canada Got Me to Europe, Then Stranded Me There.",https://www.nytimes.com/2026/10/01/travel/air-canada-canceled-flight.html
34,2026-10-01-10-05-25 +0000,bbc,"AI boom could trigger market shocks, Bank of England boss warns",https://www.bbc.co.uk/news/articles/cv8e30enrkxyo?at_medium=RSS&at_campaign=rss
34,2026-10-01-23-46-04 +0000,nypost,Pistol-packing mom threatens kids’ store workers after they say her tot can’t play inside: police,https://nypost.com/2026/10/01/us-news/pistol-packing-mom-threatens-indy-kids-store-workers-police/
34,2026-10-01-13-32-00 +0000,wsj,Dollar Hits Near 18-Month High on Prospect of Higher U.S. Rates,https://www.wsj.com/finance/currencies/dollar-hits-3-month-high-on-prospect-of-higher-u-s-rates-6866460f?mod=rss_markets_main
34,2026-10-01-14-34-52 +0000,cbc,Alto high-speed rail project could cost more than originally thought: budget watchdog,https://www.cbc.ca/news/politics/alto-high-speed-rail-cost-estimate-pbo-9.7365065?cmp=rss
34,2026-10-01-09-55-00 +0000,wsj,Why Domino’s New CEO Says an Insider Is a Better Innovator,https://www.wsj.com/business/media/why-dominos-new-ceo-says-an-insider-is-a-better-innovator-bb893638?mod=pls_whats_news_us_business_f
34,2026-10-01-19-02-00 +0000,wsj,Carney Puts Oil Pipeline at Center of Bid to Keep Alberta in Canada,https://www.wsj.com/world/americas/carney-puts-oil-pipeline-at-center-of-bid-to-keep-alberta-in-canada-28636738?mod=rss_worldnews
34,2026-10-01-09-30-00 +0000,wsj,All This Man Thinks About Is What He Can Shrink Next. It Made Him a Toy Tycoon.,https://www.wsj.com/lifestyle/careers/alan-dorfman-worlds-smallest-toys-2aba47fe?mod=pls_whats_news_us_business_f
34,2026-10-01-10-00-00 +0000,latimes,Influencers filed ethics complaint against Raman campaign — with help from Bass lawyers,https://www.latimes.com/politics/story/2026-10-01/bass-lawyers-help-influencers-file-complaint-against-raman-campaign
33,2026-10-01-23-45-22 +0000,latimes,Mother charged with murder in death of 4-month-old baby found in South L.A. dumpster,https://www.latimes.com/california/story/2026-10-01/la-mother-charged-with-murder-in-death-of-infant-found-in-dumpster
33,2026-10-01-10-18-05 +0000,wapo,Who is the Indian pilot who fought off his cockpit attacker?,https://www.washingtonpost.com/world/2026/10/01/flydubai-indian-pilot-smit-machchhar-hailed-hero-after-cockpit-stabbing/
33,2026-10-01-21-08-00 +0000,wsj,Boeing Engineers Bless New Contract After Summer Showdown,https://www.wsj.com/business/airlines/boeings-engineers-hold-leverage-in-contract-showdown-0de44742?mod=pls_whats_news_us_business_f
33,2026-10-01-18-02-00 +0000,wsj,Judge Bars Future Reflecting Pool Charges Against Olympian,https://www.wsj.com/us-news/law/judge-bars-future-reflecting-pool-charges-against-olympian-602b5923?mod=rss_usnews
33,2026-10-01-23-25-11 +0000,nypost,Two US brothers busted in $1.7M Hamas fundraising scheme — that was exposed with help from the NYPD,https://nypost.com/2026/10/01/us-news/us-brothers-busted-in-1-7-million-hamas-fundraising-scheme-that-was-exposed-with-help-from-nypd/
33,2026-10-01-10-59-00 +0000,wsj,The Morning Risk Report: Mexico Tightens AML Rules Amid U.S. Pressure,https://www.wsj.com/risk-compliance-journal/the-morning-risk-report-mexico-tightens-aml-rules-amid-u-s-pressure-0d802b87?mod=rss_markets_main
33,2026-10-01-14-29-01 +0000,nyt,One Issue Hanging Over Brazil’s Presidential Election: Online Gambling and Record-High Debts,https://www.nytimes.com/2026/10/01/world/americas/brazil-gambling-debts-elections.html
33,2026-10-02-00-04-00 +0000,wsj,Asian Currencies Consolidate But May Be Weighed by Higher Oil Prices,https://www.wsj.com/finance/currencies/asian-currencies-consolidate-but-may-be-weighed-by-higher-oil-prices-d339a0e9?mod=rss_markets_main
33,2026-10-01-21-18-08 +0000,nypost,"Gavin Newsom claims he’s never been contacted by feds – as probe reportedly digs into travel, donors",https://nypost.com/2026/10/01/us-news/gavin-newsom-claims-fbi-has-never-contacted-him-amid-probe/
33,2026-10-01-10-00-00 +0000,latimes,Los Angeles County reported 69 rabid bats. What you need to know,https://www.latimes.com/california/story/2026-10-01/los-angeles-county-reported-69-rabid-bats-what-you-need-to-know
33,2026-10-01-21-49-38 +0000,nypost,White House releases behind-the-scenes photos of Chinese President Xi Jinping’s state visit,https://nypost.com/2026/10/01/us-news/white-house-releases-behind-the-scenes-photos-of-chinese-president-xi-jinpings-state-visit/
33,2026-10-01-22-47-18 +0000,nypost,Everything we know about explosive ‘Cornell 7’ rape case shocking the nation,https://nypost.com/2026/10/01/us-news/everything-we-know-about-explosive-cornell-7-rape-case-shocking-the-nation/
32,2026-10-01-10-00-00 +0000,latimes,Commentary: Senator flubs gotcha moment by mixing up sports teams. A woman steps in to correct him,https://www.latimes.com/politics/story/2026-10-01/senator-flubs-gotcha-moment-by-mixing-up-sports-teams-woman-steps-in-to-correct-him
32,2026-10-01-18-18-37 +0000,nyt,"As Mortgage Rates Hit Highest Level Since 2023, Buyers Look at ARMs",https://www.nytimes.com/2026/10/01/business/adjustable-mortgage-rates.html
32,2026-10-01-18-38-22 +0000,bbc,PM warned Rosebank oil field could breach West Bank sanctions,https://www.bbc.co.uk/news/articles/cmrl6lz454lgo?at_medium=RSS&at_campaign=rss
32,2026-10-01-19-45-55 +0000,chitri,"$261 million mass settlement for Guevara police misconduct, Mayor Brandon Johnson proposes",https://www.chicagotribune.com/2026/10/01/261-million-mass-settlement-guevara-police-misconduct-mayor-brandon-johnson/
32,2026-10-01-19-00-00 +0000,missionlocal,Tenderloin Buzz: A new way to view art in the neighborhood,https://missionlocal.org/2026/10/tenderloin-buzz-new-way-to-view-art/
32,2026-10-01-19-38-30 +0000,bbc,Putin warns West that Russia is ready to use every weapon to protect Kaliningrad,https://www.bbc.co.uk/news/articles/cqg7k7v499jjo?at_medium=RSS&at_campaign=rss
32,2026-10-01-09-54-00 +0000,wsj,Strong nominal growth carries a message for Treasury yields. Read more in today’s WSJ Economics newsletter:,https://www.wsj.com/finance/investing/this-datapoint-could-explain-soaring-bond-yields-d8ec5be0?mod=rss_socialeconomyfeed
32,2026-10-01-07-08-22 +0000,bbc,Energy bills are rising by £60 a year - here's how you can bring that down,https://www.bbc.co.uk/news/articles/crm4rygl4m3o?at_medium=RSS&at_campaign=rss
32,2026-10-02-01-00-00 +0000,wsj,The Bond Rout Is Deepening Even as Oil Tankers Return to the Strait of Hormuz,https://www.wsj.com/finance/commodities-futures/the-bond-rout-is-deepening-even-as-oil-tankers-return-to-the-strait-of-hormuz-30d8189d?mod=pls_whats_news_us_business_f
32,2026-10-01-19-17-04 +0000,nypost,OpenAI ousts 3 employees who allegedly shared confidential info with AI safety group,https://nypost.com/2026/10/01/business/openai-ousts-3-employees-who-allegedly-shared-confidential-info-with-ai-safety-group/
32,2026-10-01-19-15-36 +0000,nyt,"Most Americans favor the death penalty, but support has declined.",https://www.nytimes.com/live/2026/10/01/us/christa-pike-tennessee-execution/death-penalty-support-americans
31,2026-10-02-01-23-00 +0000,wsj,How Explosive Rape Allegations Have Left Cornell’s Campus Reeling,https://www.wsj.com/us-news/cornell-rape-case-campus-student-response-ithaca-6d8094fb?mod=rss_usnews
31,2026-10-01-20-20-00 +0000,cbc,"Putin warns West not to escalate, claims concerns about Russia's Kaliningrad region",https://www.cbc.ca/news/world/putin-warns-west-escalation-kaliningrad-9.7365845?cmp=rss
31,2026-10-01-14-39-14 +0000,latimes,'We have people screaming for help': Details of medical chopper crash off Catalina emerge,https://www.latimes.com/california/story/2026-10-01/2-dead-1-missing-off-of-catalina-island-after-helicopter-goes-down-in-water
31,2026-10-01-21-04-34 +0000,nyt,Parents Are Charged After Toddler Pulls Out Loaded Gun at Day Care,https://www.nytimes.com/2026/10/01/us/child-gun-daycare-michigan-parents-misdemeanor.html
31,2026-10-01-23-02-33 +0000,nyt,"Wind Warnings Were Never Given to Pilots in Miami Crash, Federal Report Says",https://www.nytimes.com/2026/10/01/us/politics/ntsb-miami-amazon-crash.html
31,2026-10-01-19-19-00 +0000,bbc,Fires break out at French schools as students protest nationwide,https://www.bbc.co.uk/news/articles/c6d080d1e3l4o?at_medium=RSS&at_campaign=rss
31,2026-10-01-16-40-03 +0000,bbc,Travelodge failed sex assault victim 'at every stage',https://www.bbc.co.uk/news/articles/c93429dg425o?at_medium=RSS&at_campaign=rss
31,2026-10-01-17-06-00 +0000,wsj,"Decades After Watergate, Justice Department Reviews Whether Nixon Got a Raw Deal",https://www.wsj.com/us-news/law/decades-after-watergate-justice-department-reviews-whether-nixon-got-a-raw-deal-8e25380f?mod=rss_usnews
30,2026-10-01-10-21-56 +0000,nyt,How Middle East Oil Exports Started Recovering,https://www.nytimes.com/video/business/100000011182407/how-middle-east-oil-exports-started-recovering.html
30,2026-10-01-19-07-00 +0000,nypost,Anthropic plans blockbuster IPO before Thanksgiving despite its warnings of ‘existential risks to humanity’: report,https://nypost.com/2026/10/01/business/anthropic-plans-blockbuster-ipo-before-thanksgiving-despite-its-warnings-of-existential-risks-to-humanity-report/
30,2026-10-01-17-44-48 +0000,wapo,Supreme Court to scrutinize ICE’s mandatory detention policy for immigrants,https://www.washingtonpost.com/politics/2026/10/01/supreme-court-agrees-review-ice-mandatory-detention-policy-immigrants/
30,2026-10-01-03-52-20 +0000,bbc,"Plummeting Israel flight like 'rollercoaster', says passenger",https://www.bbc.co.uk/news/videos/cwm2r2v42vdeo?at_medium=RSS&at_campaign=rss
30,2026-10-01-19-52-20 +0000,wapo,Congress just left town until after the midterm elections,https://www.washingtonpost.com/politics/2026/10/01/congress-just-left-town-until-after-midterm-elections/
30,2026-10-01-19-52-00 +0000,wsj,Tennessee Halts Executions After Botched Lethal Injections,https://www.wsj.com/us-news/law/tennessee-halts-executions-after-botched-lethal-injections-a52e5b9f?mod=rss_usnews
30,2026-10-01-13-36-42 +0000,nyt,Renewable Energy Super PAC Targets 7 Republicans With $15 Million War Chest,https://www.nytimes.com/2026/10/01/us/politics/renewable-energy-super-pac-republicans-midterms.html
30,2026-10-01-14-39-45 +0000,nypost,Russian drone strikes Kyiv school as Moscow’s relentless aerial attacks against Ukraine continue,https://nypost.com/2026/10/01/world-news/russian-drone-strikes-a-kyiv-school-as-moscows-aerial-campaign-against-ukraine-continues/
29,2026-10-02-02-28-48 +0000,latimes,"Copper theft, flooding and empty beds plague L.A. homeless housing, report finds",https://www.latimes.com/california/story/2026-10-01/yet-another-report-on-la-homeless-system-adds-new-term-for-disfunction-large-scale-intrusion-event
29,2026-10-01-22-02-33 +0000,startribune,Inside the messy rift between St. Paul’s mayor and police chief,https://www.startribune.com/st-paul-kaohly-her-axel-henry-investigation-report/601895394
29,2026-10-01-13-24-17 +0000,wapo,Tennessee halts scheduled executions after inmate survives lethal injection,https://www.washingtonpost.com/national-security/2026/09/30/execution-tennessee-woman-blocked-by-federal-court-with-hours-spare/
29,2026-10-02-01-00-00 +0000,wsj,Near-Catastrophe on Flight 1073 Exposes Gaping Hole in Dubai’s Aviation Security,https://www.wsj.com/world/middle-east/near-catastrophe-on-flight-1073-exposes-gaping-hole-in-dubais-aviation-security-718adfe2?mod=pls_whats_news_us_business_f
29,2026-10-01-14-51-44 +0000,nyt,John Roberts Retreated to His Island. Supreme Court Critics Found Him.,https://www.nytimes.com/2026/10/01/us/politics/supreme-court-roberts-maine.html
29,2026-10-01-21-18-44 +0000,nyt,"Mike Smith, Bubbles on ‘Trailer Park Boys,’ Has Sexual Assault Charge Dismissed",https://www.nytimes.com/2026/10/01/world/canada/mike-smith-trailer-park-boys-sexual-assault-charge.html
29,2026-10-01-21-15-00 +0000,wsj,U.S. Stocks Rise After Bond Market Flips In Choppy Trading,https://www.wsj.com/finance/stocks/u-s-stocks-rise-after-bond-market-flips-in-choppy-trading-b1e0b39e?mod=rss_markets_main
29,2026-10-01-23-05-34 +0000,nyt,"Colleen Slemmer Was a Vibrant and Generous Presence, Her Mother Says",https://www.nytimes.com/2026/10/01/us/colleen-slemmer.html
29,2026-10-02-02-56-53 +0000,nypost,Virginia State University accused of eliminating Christian student ministries while Muslim groups remain on campus,https://nypost.com/2026/10/01/us-news/virginia-state-university-accused-of-eliminating-christian-student-ministries-while-muslim-groups-remain-on-campus/
29,2026-10-01-19-42-50 +0000,nyt,UK-Iranian Man Arrested in Connection to RAF Fairford Air Base Incident,https://www.nytimes.com/2026/10/01/world/europe/uk-iran-terrorism-raf-fairford.html
29,2026-10-01-20-27-33 +0000,wapo,U.K. arrests Iranian dual national on suspicion of involvement in air base plot,https://www.washingtonpost.com/world/2026/10/01/uk-arrests-iranian-dual-national-suspicion-involvement-air-base-plot/
29,2026-10-01-15-30-48 +0000,nypost,Bari Weiss’ role at CNN revealed after David Ellison makes Mark Thompson decision,https://nypost.com/2026/10/01/media/bari-weiss-role-at-cnn-revealed-after-david-ellison-makes-mark-thompson-decision/
29,2026-10-01-16-29-12 +0000,chitri,Average long-term US mortgage rate churns upward to its highest level in nearly 3 years at 7.28%,https://www.chicagotribune.com/2026/10/01/average-long-term-us-mortgage-rate-2/
28,2026-10-01-23-00-06 +0000,bbc,'It could cost me £10k but I need the money now': Why Gen Z are opting out of pensions,https://www.bbc.co.uk/news/articles/c68xk0ndqz8jo?at_medium=RSS&at_campaign=rss
28,2026-10-01-03-17-00 +0000,wsj,"China Will Find a Way to Manage Crypto, Solana Co.’s CEO Says",https://www.wsj.com/finance/currencies/china-will-find-a-way-to-manage-crypto-solanas-ceo-says-7e42a518?mod=rss_markets_main
28,2026-10-01-22-21-21 +0000,latimes,Woman accused of intentionally killing puppy on Santa Ana street is arrested,https://www.latimes.com/california/story/2026-10-01/socal-woman-allegedly-caught-on-video-running-over-puppy-is-arrested
28,2026-10-01-22-15-00 +0000,wapo,Bolivia arrests its attorney general after U.S. accuses him of narco corruption,https://www.washingtonpost.com/world/2026/10/01/bolivia-arrests-its-attorney-general-after-us-accuses-him-narco-corruption/
28,2026-10-01-10-00-01 +0000,wapo,Florida county discovers mysterious Flock cameras with no obvious owner,https://www.washingtonpost.com/nation/2026/10/01/florida-county-discovers-mysterious-flock-cameras-with-no-obvious-owner/
28,2026-10-01-23-45-06 +0000,bbc,Crypto thieves attack man in home and threaten to kill pregnant wife's baby in 'horrific' robbery,https://www.bbc.co.uk/news/articles/c6eq84eygz0qo?at_medium=RSS&at_campaign=rss
28,2026-10-01-15-45-00 +0000,wsj,David Ellison Asks CNN CEO to Stay After Paramount-Warner Deal Closes,https://www.wsj.com/business/media/ellison-asks-cnn-ceo-to-stay-after-paramount-warner-deal-closes-166dd76a?mod=pls_whats_news_us_business_f
28,2026-10-01-19-56-10 +0000,nyt,‘Ready to Blow His Stack’: How Biden Nearly Cut Off Netanyahu Over Gaza,https://www.nytimes.com/2026/10/01/us/politics/mcgurk-biden-netanyahu-gaza.html
28,2026-10-01-21-07-08 +0000,wapo,Democrats sue over Pentagon’s changes to voter forms for Americans overseas,https://www.washingtonpost.com/politics/2026/10/01/pentagon-used-emergency-measure-change-voter-forms-americans-abroad/
28,2026-10-01-18-57-00 +0000,wsj,"American Car Buyers Rediscover Sedans, Small SUVs as Gas Prices Bite",https://www.wsj.com/business/autos/american-car-buyers-rediscover-sedans-small-suvs-as-gas-prices-bite-a899a60c?mod=pls_whats_news_us_business_f
28,2026-10-01-19-02-05 +0000,nypost,‘Victim’ Iraq balks at sanctioning Iranian airlines ahead of DC talks: ‘We don’t want to be part of this conflict’,https://nypost.com/2026/10/01/us-news/iraq-balks-at-sanctioning-iranian-airlines-ahead-of-dc-talks-we-dont-want-to-be-part-of-this-conflict/
28,2026-10-01-13-00-00 +0000,wapo,Treasury releases rules for nation’s first federal school voucher program,https://www.washingtonpost.com/education/2026/10/01/treasury-introduces-rules-nations-first-federal-school-voucher-program/
28,2026-10-01-13-34-06 +0000,wapo,"What is a botched execution, and what happened in previous cases?",https://www.washingtonpost.com/nation/2026/10/01/christa-pikes-botched-execution-is-latest-several-recent-cases/
27,2026-10-01-20-32-41 +0000,latimes,"Speed demons, beware: Speed cameras are coming to Los Angeles by Halloween",https://www.latimes.com/california/story/2026-10-01/speed-demons-beware-125-speed-cameras-are-coming-to-los-angeles-by-halloween
27,2026-10-01-18-12-26 +0000,latimes,CNN chief Mark Thompson in talks to remain in role after Paramount takes over network,https://www.latimes.com/entertainment-arts/business/story/2026-10-01/cnn-chief-mark-thompson-in-talks-to-remain-in-role-after-paramount-takes-over-network
27,2026-10-01-12-15-38 +0000,chitri,Lake Forest high school senior promoting sustainable farms to consumers in North Shore,https://www.chicagotribune.com/2026/10/01/lake-forest-teen-senior-promoting-sustainable-farms/
27,2026-10-01-12-43-57 +0000,bbc,'He's taught us courage': Friend on Indian pilot hailed as a hero,https://www.bbc.co.uk/news/articles/cq33k36yp01no?at_medium=RSS&at_campaign=rss
27,2026-10-01-13-10-00 +0000,wapo,"Elon Musk to return his attention to government, advise Pentagon on future of war",https://www.washingtonpost.com/politics/2026/10/01/elon-musk-return-his-attention-government-advise-pentagon-future-war/
27,2026-10-02-00-08-00 +0000,wsj,Oil Edges Higher Amid Rising Mideast Tensions,https://www.wsj.com/finance/commodities-futures/oil-edges-higher-amid-rising-mideast-tensions-d4b3dcdd?mod=rss_markets_main
27,2026-10-01-16-00-37 +0000,nyt,Russia to Sharply Increase War Spending and Cut Social Programs,https://www.nytimes.com/2026/10/01/world/europe/russia-war-budget.html
27,2026-10-01-07-04-27 +0000,bbc,Africa's richest man launches Kenya oil refinery despite land protests,https://www.bbc.co.uk/news/articles/cmkg8dpwy25po?at_medium=RSS&at_campaign=rss
26,2026-10-01-22-22-43 +0000,bbc,Chris Mason: Why Andy Burnham's about-turn on Manchester City matters,https://www.bbc.co.uk/news/articles/c5kg0gwwpyx8o?at_medium=RSS&at_campaign=rss
26,2026-10-01-16-00-00 +0000,wsj,Mortgage rates posted their largest increase in four years this week,https://www.wsj.com/economy/housing/mortgage-rates-surge-notching-largest-weekly-gain-in-four-years-e4d029af?mod=rss_socialeconomyfeed
26,2026-10-01-13-00-23 +0000,chitri,"Data centers could generate $57B over next decade in Illinois if public backlash addressed, study says",https://www.chicagotribune.com/2026/10/01/data-centers-illinois/
26,2026-10-01-23-11-27 +0000,chitri,Financial watchdog investigates former US Rep. Adam Kinzinger for Kalshi bet,https://www.chicagotribune.com/2026/10/01/adam-kinzinger-bets/
26,2026-10-01-23-08-32 +0000,missionlocal,An ugly day for San Francisco — and not just for Manny Yekutiel,https://missionlocal.org/2026/10/manny-yekutiel-ryan-clark-withraw-daniel-lurie/
26,2026-10-01-23-12-52 +0000,chitri,Amazon settles lawsuit over claims of slow deliveries to low-income areas,https://www.chicagotribune.com/2026/10/01/amazon-slow-deliveries/
26,2026-10-01-21-06-00 +0000,wsj,Ukraine Fires Hard-to-Stop Ballistic Missile for First Time,https://www.wsj.com/world/europe/ukraine-fires-hard-to-stop-ballistic-missile-for-first-time-d93138b4?mod=rss_worldnews
26,2026-10-01-21-51-04 +0000,missionlocal,Richmond Buzz: October means all the sausages you can eat,https://missionlocal.org/2026/10/richmond-buzz-october-steinfest-globus/
26,2026-10-01-10-00-00 +0000,wapo,Mississippi Democrats dare to wonder whether Senate seat is in reach,https://www.washingtonpost.com/politics/2026/10/01/has-mississippi-long-dead-zone-democrats-been-revived-by-trump-voting-rights/
26,2026-10-01-03-41-52 +0000,wapo,Senate leaves town until after the midterms as final bills founder,https://www.washingtonpost.com/politics/2026/09/30/senate-leaves-town-until-after-midterms-final-bills-founder/
26,2026-10-01-21-39-18 +0000,chitri,"Chicago Bears stadium: Pritzker, Illinois leaders meet with NFL’s Roger Goodell as team weighs Indiana move",https://www.chicagotribune.com/2026/10/01/chicago-bears-stadium-pritzker/
26,2026-10-01-20-23-38 +0000,nyt,U.S. Bond Yields Hit Highest Level Since 2002,https://www.nytimes.com/2026/10/01/business/bond-yields-10-year-treasury.html
25,2026-10-01-20-54-00 +0000,wsj,"Tech, Media & Telecom Roundup: Market Talk",https://www.wsj.com/business/tech-media-telecom-roundup-market-talk-4e144990?mod=rss_markets_main
25,2026-10-01-20-31-00 +0000,wsj,Treasurys Selloff Takes a Pause Ahead of Jobs Report,https://www.wsj.com/finance/jgbs-fall-on-prospects-for-quicker-pace-of-boj-rate-hikes-6c891e6e?mod=rss_markets_main
25,2026-10-01-16-21-00 +0000,wsj,General Motors Third-Quarter Vehicle Sales Fall 5.5%,https://www.wsj.com/business/autos/general-motors-third-quarter-vehicle-sales-fall-5-5-0585f610?mod=pls_whats_news_us_business_f
25,2026-10-01-20-08-43 +0000,chitri,"Affordability, health care on the minds of District 15 State Representative candidates",https://www.chicagotribune.com/2026/10/01/affordability-health-care-on-the-minds-of-district-15-state-representative-candidates/
25,2026-10-01-17-13-35 +0000,nypost,Mortgage rates soar to 7.28% — highest level in nearly 3 years,https://nypost.com/2026/10/01/business/mortgage-rates-hit-7-28-highest-level-in-nearly-3-years/
25,2026-10-01-20-27-00 +0000,wsj,Treasury Selloff Flips in Volatile Trading Day,https://www.wsj.com/finance/investing/treasury-selloff-flips-in-volatile-trading-day-0f1d930c?mod=rss_markets_main
25,2026-10-01-13-13-33 +0000,bbc,Zimbabwe tycoon Wicknell Chivayo and wife killed in helicopter crash,https://www.bbc.co.uk/news/articles/cr4gvg0yenl4o?at_medium=RSS&at_campaign=rss
25,2026-10-01-12-29-00 +0000,wsj,France Is Ground Zero in the Global Bond Rout,https://www.wsj.com/finance/france-is-ground-zero-in-the-global-bond-rout-4b743eb2?mod=rss_markets_main
25,2026-10-01-21-04-00 +0000,wsj,Energy & Utilities Roundup: Market Talk,https://www.wsj.com/business/energy-utilities-roundup-market-talk-20084847?mod=pls_whats_news_us_business_f
25,2026-10-01-23-08-36 +0000,nyt,The D.N.C. sues the Defense Department over changes to a form for overseas voters.,https://www.nytimes.com/live/2026/10/01/us/midterms-elections/dnc-sues-the-defense-department-over-changes-to-a-form-for-overseas-voters
25,2026-10-02-00-05-22 +0000,nyt,Military Leaders Will Examine Ways to Limit Civilian Deaths in War,https://www.nytimes.com/2026/10/01/us/politics/military-civilian-deaths-in-war.html
24,2026-10-01-09-02-57 +0000,nyt,"When Data Centers Cluster Together, How Dirty Are They? One County Wants Answers.",https://www.nytimes.com/2026/10/01/climate/data-center-pollution-study-pennsylvania.html
24,2026-10-02-01-07-37 +0000,latimes,Newsom signs bills providing environmental exemptions for San Diego stadium project,https://www.latimes.com/california/story/2026-10-01/newsom-backs-environmental-exemptions-for-san-diego-stadium-project
24,2026-10-01-19-10-32 +0000,nyt,America’s Long History of Executions Includes Many Botched Ones,https://www.nytimes.com/2026/10/01/us/botched-executions-tennessee-how-common.html
24,2026-10-01-21-15-00 +0000,wapo,"What is ketamine, the drug at the center of the alleged rape at Cornell?",https://www.washingtonpost.com/politics/2026/10/01/what-is-ketamine-drug-center-alleged-rape-cornell/
24,2026-10-01-16-22-00 +0000,wsj,Financial Services Roundup: Market Talk,https://www.wsj.com/business/financial-services-roundup-market-talk-029357af?mod=rss_markets_main
24,2026-10-01-21-56-32 +0000,latimes,Trial begins for 'Scrubs' executive producer facing more than 20 sex assault charges,https://www.latimes.com/california/story/2026-10-01/eric-weinberg-scrubs-executive-producer-sexual-assault-trial
24,2026-10-01-08-30-50 +0000,chitri,Today in History: Claudia Sheinbaum sworn in as first female president of Mexico,https://www.chicagotribune.com/2026/10/01/today-in-history-claudia-sheinbaum/
24,2026-10-01-14-05-55 +0000,bbc,Russian dissident Garry Kasparov says US warned him of danger to his life,https://www.bbc.co.uk/news/articles/c6y8z8kr5mk8o?at_medium=RSS&at_campaign=rss
24,2026-10-02-00-07-56 +0000,missionlocal,All about Michael: Journalist-turned-VC Michael Moritz on his unique life and times,https://missionlocal.org/2026/10/michael-moritz-memoir/
24,2026-10-01-05-47-24 +0000,nypost,Moscow threatens nuclear response over tiny fortress wedged between US allies as clash fears grow,https://nypost.com/2026/10/01/world-news/russia-threatens-nuclear-response-if-kaliningrad-is-isolated-by-nato/
23,2026-10-01-21-21-44 +0000,nyt,"David Ellison’s Vision for CNN: Same C.E.O and No Bari Weiss, for Now.",https://www.nytimes.com/2026/10/01/business/media/cnn-paramount-david-ellison.html
23,2026-10-01-09-00-00 +0000,wapo,"These skydivers parachuted 3,000 feet to help people in a plane crash",https://www.washingtonpost.com/lifestyle/2026/10/01/these-skydivers-parachuted-3000-feet-help-people-plane-crash/
23,2026-10-02-02-01-49 +0000,nypost,Sydney Airport suffers 4th near-miss in 2026 forcing plane to brake hard,https://nypost.com/2026/10/01/lifestyle/sydney-airport-suffers-4th-near-miss-in-2026-forcing-plane-to-brake-hard/
23,2026-10-01-12-06-19 +0000,nyt,Britain and France Give Up Landmark Migrant Agreement,https://www.nytimes.com/2026/10/01/world/europe/uk-france-migrant-deal-cancelled.html
23,2026-10-01-17-01-41 +0000,48hills,Join us at Litquake’s free Out Loud book fair this Sunday at Yerba Buena Gardens!,https://48hills.org/2026/10/join-us-at-litquakes-free-out-loud-book-fair-this-sunday-at-yerba-buena-gardens/
23,2026-10-01-16-26-00 +0000,wsj,Auto & Transport Roundup: Market Talk,https://www.wsj.com/business/auto-transport-roundup-market-talk-6ace118f?mod=rss_markets_main
23,2026-10-01-09-53-35 +0000,nypost,"Kremlin critic, chess legend Garry Kasparov says US warned him of assassination threat",https://nypost.com/2026/10/01/world-news/garry-kasparov-kremlin-critic-and-chess-legend-says-us-warned-him-of-assassination-threat/
22,2026-10-02-00-26-46 +0000,nypost,"Mystery Flock cameras discovered in Florida without permits, leaving locals feeling ‘very unsafe’",https://nypost.com/2026/10/01/us-news/mystery-flock-cameras-discovered-in-florida-without-permits/
22,2026-10-01-05-07-18 +0000,latimes,"4 rescued, 1 missing after medevac helicopter crashes off Catalina Island",https://www.latimes.com/california/story/2026-09-30/medavac-helicopter-crashes-off-catalina-search-rescue-operation-underway
22,2026-10-02-02-06-02 +0000,nypost,Baltimore Rock Opera Society boots white boss after she sports cornrows at Burning Man,https://nypost.com/2026/10/01/us-news/baltimore-rock-opera-society-boots-white-boss-after-she-sports-cornrows-at-burning-man/
22,2026-10-01-14-59-00 +0000,wsj,Accenture Stock Climbs as AI Demand Boosts Results,https://www.wsj.com/business/earnings/accenture-revenue-rises-on-growth-across-geographies-industries-d29ad725?mod=pls_whats_news_us_business_f
22,2026-10-01-16-31-35 +0000,bbc,Algeria introduces death penalty for arsonists after deadly wildfires,https://www.bbc.co.uk/news/articles/cmge4exg44v5o?at_medium=RSS&at_campaign=rss
22,2026-10-01-13-49-00 +0000,wsj,Crude Oil Higher on Supply Issues,https://www.wsj.com/finance/commodities-futures/oil-prices-edge-lower-on-signs-of-rising-crude-exports-from-middle-east-40e9f1f1?mod=rss_markets_main
22,2026-10-01-19-29-09 +0000,nyt,American University of Afghanistan at Risk of Closure Amid Funding Cuts,https://www.nytimes.com/2026/10/01/world/asia/american-university-kabul-usaid.html
22,2026-10-01-14-21-00 +0000,wsj,Best Small-Business Loans in October 2026,https://www.wsj.com/buyside/personal-finance/business-loans/best-small-business-loans?mod=pls_whats_news_us_business_f
21,2026-10-01-17-01-00 +0000,wsj,Ukraine’s Big Backers in Europe Try to Counter War Fatigue,https://www.wsj.com/world/europe/ukraines-big-backers-in-europe-try-to-counter-war-fatigue-4c6bcef9?mod=rss_worldnews
21,2026-10-01-16-28-00 +0000,wsj,Basic Materials Roundup: Market Talk,https://www.wsj.com/business/basic-materials-roundup-market-talk-9ddb41e2?mod=pls_whats_news_us_business_f
21,2026-10-01-16-42-00 +0000,wsj,Opinion | Boulder Has No Business Making Foreign Policy,https://www.wsj.com/opinion/boulder-has-no-business-making-foreign-policy-1a731264?mod=pls_whats_news_us_business_f
21,2026-10-01-22-05-50 +0000,nyt,"Abdul El-Sayed, a Senate candidate in Michigan, Is Still Trying to Unite the Democratic Base",https://www.nytimes.com/2026/10/01/us/politics/abdul-el-sayed-michigan-senate.html
21,2026-10-01-22-20-19 +0000,latimes,"UC asks judge to dismiss DOJ antisemitism suit, calling it 'political coercion'",https://www.latimes.com/california/story/2026-10-01/uc-asks-judge-dismiss-doj-ucla-antisemitism-lawsuit
21,2026-10-01-14-16-33 +0000,nypost,Attackers douse teacher in gasoline as student protests rage across France,https://nypost.com/2026/10/01/world-news/attackers-douse-teacher-in-petrol-as-student-protests-rage-across-france/
20,2026-10-01-09-43-00 +0000,wsj,Eurozone Labor Market Continues to Defy Mounting Economic Headwinds,https://www.wsj.com/economy/jobs/eurozone-unemployment-stable-despite-headwinds-0e4c3d52?mod=rss_socialeconomyfeed
20,2026-10-01-21-18-00 +0000,wsj,The Global Bond Rout Is Getting Messy,https://www.wsj.com/finance/investing/the-global-bond-rout-is-getting-messy-1c120a5b?mod=rss_markets_main
20,2026-10-01-12-13-28 +0000,bbc,Kanye West's Russia shows officially cancelled after weeks of uncertainty,https://www.bbc.co.uk/news/articles/cm74k417wpjxo?at_medium=RSS&at_campaign=rss
20,2026-10-02-01-44-22 +0000,nypost,"Adopted Missouri man discovers Michael McDonald of Doobie Brothers, yacht rock fame is his biological father",https://nypost.com/2026/10/01/us-news/adopted-missouri-man-discovers-michael-mcdonald-of-doobie-brothers-yacht-rock-fame-is-his-biological-father/
20,2026-10-01-11-18-33 +0000,chitri,Pandora opens $150 million Vietnam jewelry factory powered by renewable energy,https://www.chicagotribune.com/2026/10/01/pandora-vietnam-factory-renewable-energy/
20,2026-10-01-22-39-33 +0000,latimes,Newsom vetoes bills to block federal immigration agents from state employment,https://www.latimes.com/california/story/2026-10-01/newsom-vetoes-bills-to-block-federal-immigration-agents-from-state-employment
20,2026-10-01-15-28-21 +0000,nyt,"The Supreme Court’s Summer Break Vanishes, Erased by Emergencies",https://www.nytimes.com/2026/10/01/us/politics/the-docket-supreme-court-summer.html
20,2026-10-01-14-39-10 +0000,nypost,Depraved teacher learns fate for sexually abusing boy she tied to marital bed — and called husband’s name,https://nypost.com/2026/10/01/world-news/depraved-teacher-learns-fate-for-sexually-abusing-boy-10-she-tied-to-marital-bed/
20,2026-10-01-04-56-00 +0000,wsj,Lynas Rare Earths to Buy Meteoric Resources in $672 Million Deal,https://www.wsj.com/business/lynas-rare-earths-to-buy-meteoric-resources-in-672-million-deal-2701e09b?mod=pls_whats_news_us_business_f
20,2026-10-01-18-30-00 +0000,wapo,"GOP hold on Florida and Texas governors’ races weakens, nonpartisan analyst says",https://www.washingtonpost.com/politics/2026/10/01/gop-hold-florida-texas-governors-races-weakens-nonpartisan-analyst-says/
20,2026-10-02-00-29-22 +0000,missionlocal,S.F. supervisors to subpoena no-show Western Addition housing managers,https://missionlocal.org/2026/10/thomas-paine-hearing-bilal-mahmood/
20,2026-10-01-15-46-00 +0000,wsj,Best Business Debt Consolidation Loans in October 2026,https://www.wsj.com/buyside/personal-finance/business-loans/business-debt-consolidation-loans?mod=pls_whats_news_us_business_f
20,2026-10-01-22-21-39 +0000,nypost,"Nike issues bleak forecast, plans to slash more jobs after sales disappoint",https://nypost.com/2026/10/01/business/nike-issues-bleak-forecast-plans-to-slash-more-jobs-after-sales-disappoint/
20,2026-10-01-09-00-00 +0000,wapo,Bipartisan bill seeks to ban cellphones in schools nationwide,https://www.washingtonpost.com/education/2026/10/01/bipartisan-bill-seeks-ban-cellphones-schools-nationwide/
20,2026-10-01-19-08-00 +0000,wsj,10 of the Best Financial Advisor Companies: Well-Known Fiduciary Investment Firms to Consider,https://www.wsj.com/buyside/personal-finance/financial-advisors/best-financial-advisors?mod=rss_markets_main
19,2026-10-01-09-20-44 +0000,wapo,Democrats sound the money alarm in a key battleground,https://www.washingtonpost.com/politics/2026/10/01/democrats-sound-money-alarm-key-battleground/
19,2026-10-01-18-45-51 +0000,wapo,Rapper Rick Ross arrested in Miami Beach on domestic violence charges,https://www.washingtonpost.com/nation/2026/10/01/rapper-rick-ross-arrested-miami-beach-domestic-violence-charges/
19,2026-10-01-08-00-00 +0000,cbc,Families of Canadian mining firm workers kidnapped in Mexico plan to file RCMP complaint,https://www.cbc.ca/news/world/vizsla-rcmp-family-9.7363674?cmp=rss
19,2026-10-01-11-00-00 +0000,startribune,Former Timberwolves cheerleader takes on directing two plays at once,https://www.startribune.com/former-timberwolves-cheerleader-takes-on-directing-two-plays-at-once/601892980
19,2026-10-01-08-10-54 +0000,nypost,US sees Chinese invasion of Taiwan unlikely next year despite 2027 timeline,https://nypost.com/2026/10/01/world-news/us-sees-chinese-invasion-of-taiwan-unlikely-next-year-despite-2027-timeline/
19,2026-10-01-08-51-02 +0000,nypost,Rubio orders visiting Iranian UN delegation to leave NYC ahead of schedule,https://nypost.com/2026/10/01/world-news/rubio-orders-visiting-iranian-un-delegation-to-leave-nyc-ahead-of-schedule/
19,2026-10-01-20-50-02 +0000,nypost,"20,000 bottles of rare wine worth millions remain unclaimed after implosion of NYC’s Sherry-Lehmann",https://nypost.com/2026/10/01/business/20000-bottles-of-rare-wine-worth-millions-remain-unclaimed-after-implosion-of-nycs-sherry-lehmann/
19,2026-10-01-09-01-08 +0000,nyt,"With Songs by Neko Case, ‘Thelma & Louise’ Shifts Into a Musical Gear",https://www.nytimes.com/2026/10/01/theater/thelma-louise-musical-london-neko-case.html
18,2026-10-01-15-59-44 +0000,nyt,Finnish Lawmakers Report Suspicious Home Break-Ins,https://www.nytimes.com/2026/10/01/world/europe/finland-lawmakers-break-ins.html
18,2026-10-01-14-32-16 +0000,nyt,Federal Watchdog Investigates Adam Kinzinger for Kalshi Bets on His Pardon,https://www.nytimes.com/2026/10/01/us/politics/cftc-investigating-kinzinger-pardon-bet.html
18,2026-10-01-22-40-00 +0000,wsj,Nike Plans a Smaller Company as Sales Slide Deepens,https://www.wsj.com/business/earnings/nike-projects-sales-decline-this-year-after-lower-first-quarter-revenue-3b845fa0?mod=pls_whats_news_us_business_f
18,2026-10-01-23-00-05 +0000,bbc,The wealthy Cuban Americans ready and waiting for Havana to fall,https://www.bbc.co.uk/news/articles/ckrerylrlg9vo?at_medium=RSS&at_campaign=rss
18,2026-10-01-20-39-10 +0000,startribune,Allegiant CEO reassures MSP crowd about Sun Country’s future,https://www.startribune.com/allegiant-ceo-reassures-msp-crowd-about-sun-countrys-future/601895818
18,2026-10-01-20-41-28 +0000,nyt,A Flashy Zimbabwean Tycoon Who Befriended Presidents Dies in Crash,https://www.nytimes.com/2026/10/01/world/africa/zimbabwe-wicknell-chivayo-helicopter-crash.html
18,2026-10-01-03-29-13 +0000,wapo,"Senate confirms Keith Sonderling, a business ally, as labor secretary",https://www.washingtonpost.com/business/2026/09/30/senate-confirms-keith-sonderling-business-ally-labor-secretary/
18,2026-10-01-09-54-14 +0000,nyt,Hong Kong Journalist Arrested After Covering Gathering Linked to 2019 Protests,https://www.nytimes.com/2026/10/01/world/asia/hong-kong-arrest-journalist-activist.html
18,2026-10-01-13-20-12 +0000,bbc,Conservatives pledge 'tough love' benefit rules for under-25s,https://www.bbc.co.uk/news/articles/cklyjy9pv93yo?at_medium=RSS&at_campaign=rss
18,2026-10-01-13-36-14 +0000,nyt,3 Billionaires Have Largely Funded Republican Nominee for Wisconsin Governor,https://www.nytimes.com/2026/10/01/us/billionaires-republicans-wisconsin-governor.html
18,2026-10-01-12-15-00 +0000,wapo,Singapore launches government dating app as birth rate plunges,https://www.washingtonpost.com/world/2026/10/01/singapore-launches-government-dating-app-birth-rate-plunges/
17,2026-10-01-15-24-37 +0000,cbc,"This is how fast Swiss glaciers, the 'water tower of Europe,' are melting away",https://www.cbc.ca/news/science/swiss-glacier-melt-9.7365054?cmp=rss
17,2026-10-01-23-35-56 +0000,nyt,"US Sanctions A7, a Russia Firm That Helps Sidestep Economic Restrictions",https://www.nytimes.com/2026/10/01/business/a7-russia-us-sanctions.html
17,2026-10-01-04-00-00 +0000,missionlocal,Wings edge Valkyries in OT thriller — winner takes all in S.F. on Friday,https://missionlocal.org/2026/09/live-updates-valkyries-playoffs-dallas/
17,2026-10-01-12-03-00 +0000,wsj,Keurig Dr Pepper Hires Kimberly-Clark President Torres to Helm Coffee Spinoff,https://www.wsj.com/business/keurig-dr-pepper-hires-kimberly-clark-president-torres-to-helm-coffee-spinoff-9c192bd5?mod=pls_whats_news_us_business_f
17,2026-10-01-17-24-41 +0000,nyt,Egypt Arrests 6 Matsaddash Journalists on Claims of Spreading Disinformation,https://www.nytimes.com/2026/10/01/world/middleeast/egypt-journalist-arrests.html
17,2026-10-01-23-41-59 +0000,nypost,Massachusetts man charged for cyberstalking Stephen Miller’s wife,https://nypost.com/2026/10/01/us-news/massachusetts-man-charged-for-cyberstalking-stephen-millers-wife/
17,2026-10-01-11-55-56 +0000,nyt,Inside Binance Founder Changpeng Zhao’s Life After Prison,https://www.nytimes.com/2026/10/01/business/changpeng-zhao-binance.html
17,2026-10-01-16-12-12 +0000,bbc,'We must keep going' says charity hit by fuel prices,https://www.bbc.co.uk/news/articles/cw1l6lq41gm6o?at_medium=RSS&at_campaign=rss
17,2026-10-01-12-31-18 +0000,bbc,Watch: Why are students protesting at schools in France?,https://www.bbc.co.uk/news/videos/cwy8z8rney97o?at_medium=RSS&at_campaign=rss
17,2026-10-01-15-32-32 +0000,bbc,Lib Dem MPs criticise Davey over pension triple lock response,https://www.bbc.co.uk/news/articles/cmlyey1w8q78o?at_medium=RSS&at_campaign=rss
17,2026-10-01-08-06-28 +0000,bbc,Pakistan launches deadly air strikes on Afghanistan,https://www.bbc.co.uk/news/articles/cw4grg92lmr5o?at_medium=RSS&at_campaign=rss
17,2026-10-01-22-25-08 +0000,wapo,DOJ charges Boston man with threatening conservative podcaster Katie Miller,https://www.washingtonpost.com/national-security/2026/10/01/man-charged-with-harassing-katie-miller/
17,2026-10-01-23-58-53 +0000,latimes,Native tribes denied greater say in water decisions with Newsom veto,https://www.latimes.com/environment/story/2026-10-01/newsom-tribes-water-bill
17,2026-10-01-09-30-00 +0000,wsj,A Cancer Test Has Investors Betting Big. But Will Insurers Pay?,https://www.wsj.com/health/healthcare/a-cancer-test-has-investors-betting-big-but-will-insurers-pay-75d3bc60?mod=rss_markets_main
16,2026-10-01-13-00-00 +0000,wsj,U.S. Jobless Claims Fall for the Fourth Straight Week,https://www.wsj.com/economy/jobs/u-s-jobless-claims-fall-for-the-fourth-straight-week-64419dbc?mod=rss_socialeconomyfeed
16,2026-10-01-14-31-50 +0000,bbc,"Tories committed to pension triple lock, deputy leader says",https://www.bbc.co.uk/news/articles/c6wyzypvl4l1o?at_medium=RSS&at_campaign=rss
16,2026-10-01-12-16-29 +0000,bbc,"Water system a 'disaster', Green deputy leader says",https://www.bbc.co.uk/news/articles/cm9w4wyw9g9yo?at_medium=RSS&at_campaign=rss
16,2026-10-01-11-00-00 +0000,startribune,Why General Mills is betting an insider can lead a turnaround,https://www.startribune.com/why-general-mills-is-betting-an-insider-can-lead-a-turnaround/601895807
16,2026-10-01-18-33-15 +0000,nyt,Nigerian Charged With Running Fake Government Agency,https://www.nytimes.com/2026/10/01/world/africa/nigeria-fake-government-agency.html
16,2026-10-01-10-36-00 +0000,wsj,Global Dealmaking Cools in Third Quarter,https://www.wsj.com/business/earnings/global-dealmaking-cools-in-third-quarter-53a43430?mod=pls_whats_news_us_business_f
16,2026-10-01-17-50-46 +0000,nypost,Teen faces sentencing after pleading guilty to trying sex act with Shetland pony,https://nypost.com/2026/10/01/world-news/teenager-faces-jail-after-pleading-guilty-to-attempting-sexual-act-with-shetland-pony/
16,2026-10-02-02-29-00 +0000,wsj,"Gold Falls; U.S. Dollar, Yields Key Obstacles for Price Gain",https://www.wsj.com/finance/commodities-futures/gold-falls-u-s-dollar-yields-key-obstacles-for-price-gain-a4f001e3?mod=rss_markets_main
16,2026-10-01-09-54-00 +0000,wsj,This Datapoint Could Explain Soaring Bond Yields,https://www.wsj.com/finance/investing/this-datapoint-could-explain-soaring-bond-yields-d8ec5be0?mod=rss_markets_main
16,2026-10-01-20-42-42 +0000,nypost,"NYC Wine & Food Festival set to feature Sylvester Stallone, Bryan Cranston — and alcohol-free events",https://nypost.com/2026/10/01/business/nyc-wine-food-festival-set-to-feature-sylvester-stallone-bryan-cranston-and-alcohol-free-events/
16,2026-10-01-17-12-00 +0000,wsj,Temasek-Backed Vertex Japan Invests in Digital Trading Cards Startup Heartbeats,https://www.wsj.com/pro/venture-capital/temasek-backed-vertex-japan-invests-in-digital-trading-cards-startup-heartbeats-eaa714d2?mod=pls_whats_news_us_business_f
15,2026-10-01-14-31-03 +0000,bbc,Russia targets busy bridge in central Kyiv,https://www.bbc.co.uk/news/articles/cmn8e8344v5qo?at_medium=RSS&at_campaign=rss
15,2026-10-02-00-42-00 +0000,wsj,How a Top Diabetes Nonprofit Reined In Its Venture-Capital Arm,https://www.wsj.com/pro/venture-capital/how-a-top-diabetes-nonprofit-reined-in-its-venture-capital-arm-df9d1f37?mod=rss_markets_main
15,2026-10-01-21-32-47 +0000,nyt,"Lucien Lazare, Jewish Resistance Fighter in Occupied France, Dies at 101",https://www.nytimes.com/2026/10/01/world/lucien-lazare-dead.html
15,2026-10-01-23-56-00 +0000,wsj,South Korea’s Inflation Eases But Stays Sticky,https://www.wsj.com/economy/south-koreas-inflation-eases-but-stays-sticky-7f6b57c8?mod=rss_socialeconomyfeed
15,2026-10-01-08-00-00 +0000,cbc,Is this Quebec riding encroaching on Newfoundland and Labrador? Depends who you ask,https://www.cbc.ca/news/canada/montreal/quebec-election-duplessis-riding-1927-labrador-border-dispute-9.7364136?cmp=rss
15,2026-10-01-21-45-26 +0000,nyt,U.C.L.A. Says Justice Department is ‘Weaponizing’ Civil Rights Laws,https://www.nytimes.com/2026/10/01/us/ucla-justice-department-antisemitism-lawsuit.html
15,2026-10-01-20-37-00 +0000,wsj,Barbie-Maker Mattel Draws Takeover Interest From Authentic Brands Group,https://www.wsj.com/business/retail/barbie-maker-mattel-draws-takeover-interest-from-authentic-brands-group-21270470?mod=pls_whats_news_us_business_f
15,2026-10-01-17-45-00 +0000,wapo,Doctors Without Borders employee working on Ebola response tests positive for virus,https://www.washingtonpost.com/world/2026/10/01/doctors-without-borders-employee-working-ebola-response-tests-positive-virus/
14,2026-10-02-01-34-56 +0000,bbc,OpenAI fires workers for mishandling 'sensitive information',https://www.bbc.co.uk/news/articles/c6y9z9r4ejzwo?at_medium=RSS&at_campaign=rss
14,2026-10-01-23-32-59 +0000,bbc,What's gone wrong at Nike? How the world's sportswear giant lost its mojo,https://www.bbc.co.uk/news/articles/c6je85jzk9y7o?at_medium=RSS&at_campaign=rss
14,2026-10-01-22-37-45 +0000,wapo,Larry Nassar among thousands of sex offenders removed from Michigan registry,https://www.washingtonpost.com/politics/2026/10/01/larry-nassar-among-thousands-sex-offenders-removed-michigan-registry/
14,2026-10-01-10-08-58 +0000,bbc,"Pension tops £16,000 a year after 4.7% increase",https://www.bbc.co.uk/news/articles/crd686gw2lgjo?at_medium=RSS&at_campaign=rss
14,2026-10-01-22-25-00 +0000,wsj,"ON Semicondcutor to Buy Synaptics for Cash, Not Stock, in Downsized Deal",https://www.wsj.com/business/deals/on-semicondcutor-to-buy-synaptics-for-cash-not-stock-in-downsized-deal-d2781e36?mod=pls_whats_news_us_business_f
14,2026-10-01-07-07-08 +0000,bbc,"Employers should teach primary-age children about work, says Milburn",https://www.bbc.co.uk/news/articles/cr2kwlw0p3v9o?at_medium=RSS&at_campaign=rss
14,2026-10-01-07-57-07 +0000,bbc,'We're still cold paying £300 a month energy bills',https://www.bbc.co.uk/news/videos/cw1mvdd349v1o?at_medium=RSS&at_campaign=rss
14,2026-10-01-20-26-00 +0000,wsj,Drones Strike Ethiopia’s Capital as Country Severs Ties with Eritrea,https://www.wsj.com/world/africa/drones-strike-ethiopias-capital-as-country-severs-ties-with-eritrea-c5651f70?mod=rss_worldnews
14,2026-10-01-19-57-58 +0000,48hills,"Big Week: Hardly Strictly Bluegrass, Castro Street Fair, Black Art Week, Mahmoud Kahlil…",https://48hills.org/2026/10/big-week-hardly-strictly-bluegrass-castro-street-fair-black-art-week-mahmoud-kahlil/
14,2026-10-01-19-48-38 +0000,nyt,"Congress Leaves With a Whimper, as the G.O.P. Braces for Midterm Pain",https://www.nytimes.com/2026/10/01/us/politics/republicans-congress-midterm-elections-trump-affordability.html
14,2026-10-01-20-09-02 +0000,nypost,"McDonald’s prepares test of hand-breaded chicken tenders, sandwiches at 200 spots",https://nypost.com/2026/10/01/business/mcdonalds-prepares-test-of-hand-breaded-chicken-tenders-sandwiches-at-200-spots/
14,2026-10-01-14-54-24 +0000,bbc,"I'm unaware of bin strike latest, says Greens deputy",https://www.bbc.co.uk/news/videos/c6wyzy55e78vo?at_medium=RSS&at_campaign=rss
13,2026-10-01-11-09-00 +0000,wsj,"Supplier Issue Paused Ford F-150 Production, Hitting Wholesale Deliveries",https://www.wsj.com/logistics-report/supplier-issue-paused-ford-f-150-production-hitting-wholesale-deliveries-ab027b01?mod=pls_whats_news_us_business_f
13,2026-10-01-23-35-25 +0000,nyt,Pileup Involving 15 Tractor-Trailers Shutters I-95 in South Carolina,https://www.nytimes.com/2026/10/01/us/south-carolina-95-crash.html
13,2026-10-01-21-04-42 +0000,nyt,Former Dallas Officer Who Killed Neighbor in His Home Is Granted Parole,https://www.nytimes.com/2026/10/01/us/amber-guyger-parole-botham-jean.html
13,2026-10-01-19-22-00 +0000,wsj,Disney Planning TV Restructuring as Streamlining Continues,https://www.wsj.com/business/media/disney-planning-tv-restructuring-as-streamlining-continues-2454ac0a?mod=pls_whats_news_us_business_f
13,2026-10-01-03-53-25 +0000,nyt,Hegseth Talks Tough as Republican Doubts About His Leadership Grow,https://www.nytimes.com/2026/09/30/us/politics/hegseth-leadership-republican-doubts.html
13,2026-10-02-00-44-00 +0000,wsj,How the WSJ Analyzed the DHS Task Force Program,https://www.wsj.com/us-news/task-force-program-analysis-f86cafa4?mod=rss_usnews
13,2026-10-01-11-00-00 +0000,missionlocal,See how they run: DJ Brookter’s fundraiser brings ‘spoonfuls of support’,https://missionlocal.org/2026/10/see-how-they-run-dj-brookters-fundraiser-brings-spoonfuls-of-support/
13,2026-10-01-14-41-14 +0000,nyt,"Japan Raises Residency Fees 2,000 Percent Amid ‘Anxiety’ Over Foreigners",https://www.nytimes.com/2026/10/01/world/asia/japan-raises-residency-fees-2000-percent-amid-anxiety-over-foreigners.html
12,2026-10-02-02-29-41 +0000,bbc,Australia says platforms like Steam and Roblox have 'significant' child safety gaps,https://www.bbc.co.uk/news/articles/cjvgygzzy6lro?at_medium=RSS&at_campaign=rss
12,2026-10-01-09-00-00 +0000,wapo,Lost in daydreams? Enraged by chewing sounds? Psychiatry is taking a closer look.,https://www.washingtonpost.com/health/2026/10/01/is-it-your-personality-or-psychological-disorder-tiktok-has-answers/
12,2026-10-01-21-56-00 +0000,wsj,Raytheon Gets $24.4 Billion Navy Contract for Standard Missile-6 Interceptors,https://www.wsj.com/business/raytheon-gets-24-4-billion-navy-contract-for-standard-missile-6-interceptors-f3c2310b?mod=pls_whats_news_us_business_f
12,2026-10-01-14-28-36 +0000,missionlocal,"What’s on now at San Francisco museums, October 2026",https://missionlocal.org/2026/10/whats-on-now-at-san-francisco-museums-october-2026/
12,2026-10-01-12-50-00 +0000,wsj,BOE’s Mann Backs Rate Rise to Tame Inflation,https://www.wsj.com/world/uk/boes-mann-backs-rate-rise-to-tame-inflation-b645ae0d?mod=rss_worldnews
12,2026-10-02-00-24-00 +0000,wsj,"Nikkei Falls 1.0%, Dragged by Tech, Auto Stocks",https://www.wsj.com/finance/stocks/nikkei-falls-1-0-dragged-by-tech-auto-stocks-f9d6991d?mod=rss_markets_main
12,2026-10-01-10-23-00 +0000,wsj,Here’s Why the Fed Is on Hold—Maybe for a While,https://www.wsj.com/finance/investing/heres-why-the-fed-is-on-holdmaybe-for-a-while-97456ce8?mod=rss_markets_main
12,2026-10-01-21-20-00 +0000,wsj,WSJ Dollar Index Rises 0.38% to 97.41,https://www.wsj.com/finance/currencies/yen-consolidates-ahead-of-boj-tankan-bojs-summary-of-opinions-b61eb3ee?mod=rss_markets_main
12,2026-10-01-20-47-45 +0000,chitri,Hormel makes $1 billion bet on chicken,https://www.chicagotribune.com/2026/10/01/hormel-chicken/
12,2026-10-01-19-24-29 +0000,nyt,"Swiss Glaciers Vanished by Nearly a Fifth in Recent Years, Scientists Say",https://www.nytimes.com/2026/10/01/world/europe/switzerland-glaciers-melting-climate.html
11,2026-10-01-04-33-45 +0000,48hills,The mayor’s Big Lie on Prop. D,https://48hills.org/2026/09/the-mayors-big-lie-on-prop-d/
11,2026-10-01-15-05-36 +0000,bbc,Explosions heard in Ethiopia's capital after drone flights banned,https://www.bbc.co.uk/news/articles/c3vgygpqky9zo?at_medium=RSS&at_campaign=rss
11,2026-10-01-12-23-31 +0000,48hills,"Portola 2026 review: The pops, the flops, the drops",https://48hills.org/2026/10/portola-2026-review-the-pops-the-flops-the-drops/
11,2026-10-01-13-30-00 +0000,wsj,America’s Copper Hoard Stokes Fear of a Supply Crunch,https://www.wsj.com/finance/commodities-futures/americas-copper-hoard-stokes-fear-of-a-supply-crunch-0097b560?mod=rss_markets_main
11,2026-10-01-15-52-00 +0000,wsj,EIA Reports 64-bcf Injection in Natural Gas Storage,https://www.wsj.com/finance/commodities-futures/natural-gas-lower-as-trading-centers-around-3-mmbtu-fa80eca4?mod=rss_markets_main
10,2026-10-01-21-41-26 +0000,latimes,988 crisis line restores LGBTQ+ youth specialized support,https://www.latimes.com/science/story/2026-10-01/988-crisis-line-restores-lgbtq-youth-specialized-support
10,2026-10-01-12-50-00 +0000,wsj,UBS Shareholder Calls for Bank to Leave Switzerland,https://www.wsj.com/finance/banking/ubs-shareholder-calls-for-bank-to-leave-switzerland-9eae7536?mod=rss_markets_main
10,2026-10-01-13-00-00 +0000,missionlocal,Hombre caído,https://missionlocal.org/2026/10/hombre-caido/
10,2026-10-01-05-24-10 +0000,bbc,K-pop star convicted of violating military service law,https://www.bbc.co.uk/news/articles/cjn5d52d3lk5o?at_medium=RSS&at_campaign=rss
10,2026-10-01-19-14-43 +0000,nypost,Longtime Mexican dining chain shutters last Bay Area location,https://nypost.com/2026/10/01/lifestyle/longtime-california-mexican-chain-shutters-last-bay-area-restaurant/
10,2026-10-01-13-23-00 +0000,wsj,"Move Over, Storytellers: The Marketing Engineers Are Here",https://www.wsj.com/cmo-today/move-over-storytellers-the-marketing-engineers-are-here-94aacda1?mod=pls_whats_news_us_business_f
9,2026-10-01-04-11-00 +0000,wsj,Apple’s Biggest Battleground for Foldable Phones Is China,https://www.wsj.com/business/telecom/apples-biggest-battleground-for-foldable-phones-is-china-a15b9663?mod=pls_whats_news_us_business_f
9,2026-10-01-15-28-18 +0000,bbc,Is it time to ditch premium bonds?,https://www.bbc.co.uk/news/videos/cmy5z5qx19pwo?at_medium=RSS&at_campaign=rss
9,2026-10-01-21-47-00 +0000,wsj,Opinion | The Other Threat to Fed Independence,https://www.wsj.com/opinion/the-other-threat-to-fed-independence-10f1adaf?mod=rss_markets_main
9,2026-10-01-21-00-00 +0000,wsj,Opinion | The GOP’s Missing Turkey,https://www.wsj.com/opinion/the-gops-missing-turkey-c488b5d2?mod=rss_usnews
9,2026-10-01-14-30-00 +0000,startribune,What the big Medicare Advantage shakeup means for Minnesota seniors,https://www.startribune.com/what-the-big-medicare-advantage-shakeup-means-for-minnesota-seniors/601893969
9,2026-10-01-14-15-00 +0000,wsj,Canada Manufacturing Grows More Modestly in September,https://www.wsj.com/economy/canada-manufacturing-grows-more-modestly-in-september-093ef028?mod=rss_socialeconomyfeed
9,2026-10-02-02-59-50 +0000,startribune,"Wild beat Predators in season opener on goals from Foligno, Coleman and Kaprizov",https://www.startribune.com/minnesota-wild-nashville-predators-score-quinn-hughes-contract-extension-2026-27-nhl-season-opener/601894059
9,2026-10-01-09-52-00 +0000,wsj,Hong Kong Equities Seen at Attractive Valuations,https://www.wsj.com/finance/stocks/nikkei-rises-1-0-led-by-chip-stocks-bdac1d0a?mod=rss_markets_main
9,2026-10-01-17-10-10 +0000,nyt,"Take a Historic Stroll Down Oxford Street, London’s Shopping Artery",https://www.nytimes.com/2026/10/01/world/europe/oxford-street-history-photos.html
9,2026-10-01-18-09-16 +0000,bbc,"Thames Water apologises after £145,000 customer billing mistake",https://www.bbc.co.uk/news/articles/ck24j46424veo?at_medium=RSS&at_campaign=rss
9,2026-10-01-16-14-50 +0000,nyt,Swedish Company Uses A.I. Likeness of Greta Garbo in Ad,https://www.nytimes.com/2026/10/01/world/europe/ai-garbo-ad-sweden-skf.html
8,2026-10-01-17-50-00 +0000,wsj,Opinion | Cleaner Cars Are the Future,https://www.wsj.com/opinion/cleaner-cars-are-the-future-b1ff0b5d?mod=pls_whats_news_us_business_f
8,2026-10-01-19-57-52 +0000,nyt,The Boeing 737 Max 8 stayed intact despite the enormous stress of its plunge.,https://www.nytimes.com/live/2026/10/01/world/flydubai-flight-israel-plane-pilots/the-boeing-737-max-8-stayed-intact-despite-the-enormous-stress-of-its-plunge
8,2026-10-01-23-40-32 +0000,nyt,Here’s the latest.,https://www.nytimes.com/live/2026/10/01/us/christa-pike-tennessee-execution/heres-the-latest
8,2026-10-01-20-59-00 +0000,wsj,Opinion | Religious Persecution and Financial ‘Crimes’,https://www.wsj.com/opinion/religious-persecution-and-financial-crimes-cdcca27d?mod=pls_whats_news_us_business_f
8,2026-10-01-16-32-17 +0000,bbc,SpaceX launches crew to ISS,https://www.bbc.co.uk/news/videos/c5rm9mdperemo?at_medium=RSS&at_campaign=rss
8,2026-10-01-21-37-00 +0000,wsj,Opinion | Hegseth’s ‘Weirdo’ Speech to the Troops,https://www.wsj.com/opinion/pete-hegseth-speech-pentagon-defense-technology-ae974416?mod=rss_usnews
7,2026-10-01-04-02-19 +0000,48hills,Drama Masks: A queen who brings chills—and a carry-on,https://48hills.org/2026/09/drama-masks-stay-north-young-queen/
7,2026-10-01-21-18-00 +0000,wsj,Opinion | Political Agitators Stalk Mitch McConnell at Home,https://www.wsj.com/opinion/political-agitators-stalk-mitch-mcconnell-at-home-7ef13110?mod=pls_whats_news_us_business_f
7,2026-10-01-13-42-00 +0000,wsj,McCormick Is Working to Win Over Value-Conscious Shoppers,https://www.wsj.com/business/retail/mccormick-posts-lower-profit-on-higher-sales-edb1b56d?mod=pls_whats_news_us_business_f
6,2026-10-01-16-47-00 +0000,wsj,When Asking for a Donation at Checkout Can Backfire,https://www.wsj.com/finance/investing/donation-pressure-at-checkout-backfire-80b893e3?mod=pls_whats_news_us_business_f
5,2026-10-01-19-57-02 +0000,nyt,Our Reporter Emailed the F.B.I. Hackers. They Wrote Back.,https://www.nytimes.com/2026/10/01/insider/fbi-hack-shinyhunters-data.html
5,2026-10-01-06-24-27 +0000,bbc,Dangote: 'Nobody can make Africa great but us',https://www.bbc.co.uk/news/videos/c893v3l7l1p0o?at_medium=RSS&at_campaign=rss
5,2026-10-01-10-00-47 +0000,chitri,Loop 2-bedroom home with Italian Snaidero cabinetry: $1.6M,https://www.chicagotribune.com/2026/10/01/loop-snaidero-cabinetry/
5,2026-10-01-21-36-00 +0000,wsj,Opinion | How Not to Fix Britain’s Economy,https://www.wsj.com/opinion/andy-burnham-pension-reform-bond-market-u-k-b3630b84?mod=rss_worldnews
4,2026-10-01-21-04-15 +0000,nyt,A Climate Change Rebrand,https://www.nytimes.com/2026/10/01/world/climate-change-rebrand-renewables-flydubai.html
4,2026-10-01-21-36-00 +0000,wsj,Opinion | The Battle of Hormuz Is Turning,https://www.wsj.com/opinion/strait-of-hormuz-battle-oil-tankers-central-command-trump-administration-f06d0abc?mod=pls_whats_news_us_business_f
3,2026-10-01-04-28-51 +0000,nyt,The U.S. Departs Iraq,https://www.nytimes.com/2026/09/30/world/iraq-war-us-pilot-israel-flight.html
3,2026-10-01-11-30-00 +0000,bbc,The Bottom Line,https://www.bbc.co.uk/sounds/play/m00325cs?at_medium=RSS&at_campaign=rss
3,2026-10-01-09-43-37 +0000,bbc,'Why does it have to be OAPs versus young people?',https://www.bbc.co.uk/news/videos/cmx2z23znn0do?at_medium=RSS&at_campaign=rss
